"pattern_id","priority","tag","title","question_count","exam_ids","question_ids","c_source","arm_source","c_status","arm_status"
"PAT-ALG-SORTING-001","ESTABLISHED_ATLAS","alg:sorting","Signed and unsigned array sorting","2","E2023-02-07;E2023-02-24","E2023-02-07-Q1;E2023-02-24-Q1","","","SEE_PATTERN_PAGE","SEE_PATTERN_PAGE"
"PAT-ALG-RECURRENCE-001","ESTABLISHED_ATLAS","alg:recurrence","Bounded recurrence into an array","10","E2023-02-24;E2023-07-04;E2025-02-12-A1;E2025-02-12-A2;E2025-07-01-A1;E2025-07-01-A2;E2026-02-03-A3;E2026-02-18-A1;E2026-02-18-A2","E2023-02-24-Q1;E2023-02-24-Q2;E2023-07-04-Q1;E2025-02-12-A1-Q1;E2025-02-12-A2-Q1;E2025-07-01-A1-Q2;E2025-07-01-A2-Q2;E2026-02-03-A3-Q1;E2026-02-18-A1-Q1;E2026-02-18-A2-Q1","","","SEE_PATTERN_PAGE","SEE_PATTERN_PAGE"
"PAT-ALG-GRAPH-SEARCH-001","ESTABLISHED_ATLAS","alg:graph-search","Matrix and graph traversal","4","E2024-02-12;E2024-02-28;E2024-07-09;E2024-09-16","E2024-02-12-Q1;E2024-02-28-Q1;E2024-07-09-Q1;E2024-09-16-Q1","","","SEE_PATTERN_PAGE","SEE_PATTERN_PAGE"
"PAT-ALG-FREQUENCY-COUNT-001","ESTABLISHED_ATLAS","alg:frequency-count","Frequency-count comparison","2","E2026-06-25-B1;E2026-06-25-B2","E2026-06-25-B1-Q1;E2026-06-25-B2-Q1","","","SEE_PATTERN_PAGE","SEE_PATTERN_PAGE"
"PAT-ALG-FIXED-POINT-001","ESTABLISHED_ATLAS","alg:fixed-point","Fixed-point multiply and recurrence","2","E2025-02-12-A1;E2025-02-12-A2","E2025-02-12-A1-Q1;E2025-02-12-A2-Q1","","","SEE_PATTERN_PAGE","SEE_PATTERN_PAGE"
"PAT-FLOW-NESTED-LOOP-001","ESTABLISHED_ATLAS","flow:nested-loop","Nested loops with preserved outer state","12","E2023-02-07;E2023-02-24;E2023-07-04;E2024-02-12;E2024-02-28;E2024-09-16;E2025-01-29-A1;E2025-01-29-A2;E2025-01-29-A3;E2026-02-03-A1;E2026-02-03-A3;E2026-06-25-B2","E2023-02-07-Q1;E2023-02-24-Q1;E2023-07-04-Q1;E2024-02-12-Q1;E2024-02-28-Q1;E2024-09-16-Q1;E2025-01-29-A1-Q1;E2025-01-29-A2-Q1;E2025-01-29-A3-Q1;E2026-02-03-A1-Q1;E2026-02-03-A3-Q1;E2026-06-25-B2-Q1","","","SEE_PATTERN_PAGE","SEE_PATTERN_PAGE"
"PAT-FLOW-EARLY-BREAK-001","ESTABLISHED_ATLAS","flow:early-break","Balanced early exit from inner search","5","E2023-02-07;E2024-02-12;E2025-01-29-A2;E2026-02-03-A2;E2026-06-25-B2","E2023-02-07-Q1;E2024-02-12-Q1;E2025-01-29-A2-Q1;E2026-02-03-A2-Q1;E2026-06-25-B2-Q1","","","SEE_PATTERN_PAGE","SEE_PATTERN_PAGE"
"PAT-MEM-BYTE-ARRAY-001","ESTABLISHED_ATLAS","mem:byte-array","Signed and unsigned byte arrays","16","E2023-02-07;E2024-02-12;E2024-02-28;E2024-07-09;E2025-01-29-A1;E2025-01-29-A2;E2025-01-29-A3;E2026-02-03-A1;E2026-02-03-A2","E2023-02-07-Q1;E2024-02-12-Q1;E2024-02-12-Q2;E2024-02-28-Q1;E2024-07-09-Q1;E2024-07-09-Q2;E2025-01-29-A1-Q1;E2025-01-29-A1-Q2;E2025-01-29-A2-Q1;E2025-01-29-A2-Q2;E2025-01-29-A3-Q1;E2025-01-29-A3-Q2;E2026-02-03-A1-Q1;E2026-02-03-A1-Q2;E2026-02-03-A2-Q1;E2026-02-03-A2-Q2","","","SEE_PATTERN_PAGE","SEE_PATTERN_PAGE"
"PAT-MEM-WORD-ARRAY-001","ESTABLISHED_ATLAS","mem:word-array","Word-array traversal","17","E2023-07-04;E2023-09-18;E2024-09-16;E2025-02-12-A1;E2025-02-12-A2;E2025-07-01-A1;E2025-07-01-A2;E2026-02-03-A3;E2026-02-18-A1;E2026-02-18-A2;E2026-06-25-B1;E2026-06-25-B2","E2023-07-04-Q1;E2023-09-18-Q2;E2024-09-16-Q1;E2025-02-12-A1-Q1;E2025-02-12-A2-Q1;E2025-07-01-A1-Q2;E2025-07-01-A2-Q2;E2026-02-03-A3-Q1;E2026-02-03-A3-Q2;E2026-02-18-A1-Q1;E2026-02-18-A1-Q2;E2026-02-18-A2-Q1;E2026-02-18-A2-Q2;E2026-06-25-B1-Q1;E2026-06-25-B1-Q2;E2026-06-25-B2-Q1;E2026-06-25-B2-Q2","","","SEE_PATTERN_PAGE","SEE_PATTERN_PAGE"
"PAT-MEM-MATRIX-ROW-MAJOR-001","ESTABLISHED_ATLAS","mem:matrix-row-major","Row-major matrix addressing","9","E2024-02-12;E2024-02-28;E2024-07-09;E2024-09-16;E2025-01-29-A1;E2025-01-29-A2;E2025-01-29-A3","E2024-02-12-Q1;E2024-02-12-Q2;E2024-02-28-Q1;E2024-07-09-Q1;E2024-09-16-Q1;E2025-01-29-A1-Q1;E2025-01-29-A2-Q1;E2025-01-29-A2-Q2;E2025-01-29-A3-Q1","","","SEE_PATTERN_PAGE","SEE_PATTERN_PAGE"
"PAT-AAPCS-FOUR-ARGS-001","ESTABLISHED_ATLAS","abi:four-register-args","Four-register argument contract","4","E2024-07-09;E2024-09-16;E2026-06-25-B1;E2026-06-25-B2","E2024-07-09-Q1;E2024-09-16-Q1;E2026-06-25-B1-Q1;E2026-06-25-B2-Q1","","","SEE_PATTERN_PAGE","SEE_PATTERN_PAGE"
"PAT-AAPCS-STACKED-ARGS-001","ESTABLISHED_ATLAS","abi:stacked-args","Fifth and later arguments","5","E2024-09-16;E2025-07-01-A1;E2025-07-01-A2","E2024-09-16-Q1;E2025-07-01-A1-Q1;E2025-07-01-A1-Q2;E2025-07-01-A2-Q1;E2025-07-01-A2-Q2","","","SEE_PATTERN_PAGE","SEE_PATTERN_PAGE"
"PAT-AAPCS-NONLEAF-001","ESTABLISHED_ATLAS","abi:nonleaf","Non-leaf prologue and epilogue","14","E2023-02-07;E2023-02-24;E2023-07-04;E2023-09-18;E2024-07-09;E2024-09-16;E2025-02-12-A1;E2025-02-12-A2;E2025-07-01-A1;E2025-07-01-A2;E2026-02-03-A1;E2026-02-03-A3","E2023-02-07-Q1;E2023-02-24-Q1;E2023-02-24-Q2;E2023-07-04-Q1;E2023-09-18-Q1;E2024-07-09-Q1;E2024-07-09-Q2;E2024-09-16-Q1;E2025-02-12-A1-Q1;E2025-02-12-A2-Q1;E2025-07-01-A1-Q2;E2025-07-01-A2-Q2;E2026-02-03-A1-Q1;E2026-02-03-A3-Q1","","","SEE_PATTERN_PAGE","SEE_PATTERN_PAGE"
"PAT-CPU-FLAGS-001","ESTABLISHED_ATLAS","cpu:flags","APSR flag contract","3","E2023-05-17;E2023-09-18","E2023-05-17-Q1;E2023-05-17-Q2;E2023-09-18-Q1","","","SEE_PATTERN_PAGE","SEE_PATTERN_PAGE"
"PAT-CPU-SVC-001","ESTABLISHED_ATLAS","cpu:svc","SVC immediate decoding","1","E2023-02-24","E2023-02-24-Q2","","","SEE_PATTERN_PAGE","SEE_PATTERN_PAGE"
"PAT-CPU-EXCEPTION-FRAME-001","ESTABLISHED_ATLAS","cpu:exception-frame","MSP/PSP exception-frame selection","1","E2023-02-24","E2023-02-24-Q2","","","SEE_PATTERN_PAGE","SEE_PATTERN_PAGE"
"PAT-TIMER-OWNERSHIP-001","ESTABLISHED_ATLAS","board:timer","Timer setup and ownership","16","E2023-02-07;E2023-07-04;E2024-02-12;E2024-02-28;E2025-01-29-A1;E2025-01-29-A2;E2025-01-29-A3;E2025-02-12-A1;E2025-02-12-A2;E2025-07-01-A1-Q3;E2025-07-01-A2-Q3;E2026-02-03-A3;E2026-02-18-A1;E2026-02-18-A2;E2026-06-25-B1;E2026-06-25-B2","E2023-02-07-Q2;E2023-07-04-Q2;E2024-02-12-Q2;E2024-02-28-Q2;E2025-01-29-A1-Q2;E2025-01-29-A2-Q2;E2025-01-29-A3-Q2;E2025-02-12-A1-Q2;E2025-02-12-A2-Q2;E2025-07-01-A1-Q3;E2025-07-01-A2-Q3;E2026-02-03-A3-Q2;E2026-02-18-A1-Q2;E2026-02-18-A2-Q2;E2026-06-25-B1-Q2;E2026-06-25-B2-Q2","","","SEE_PATTERN_PAGE","SEE_PATTERN_PAGE"
"PAT-GPIO-EVENT-001","ESTABLISHED_ATLAS","board:gpio","GPIO event capture","18","E2023-02-07;E2023-07-04;E2023-09-18;E2024-02-12;E2024-02-28;E2024-09-16;E2025-01-29-A1;E2025-01-29-A2;E2025-01-29-A3;E2025-02-12-A1;E2025-02-12-A2;E2025-07-01-A1-Q3;E2025-07-01-A2-Q3;E2026-02-03-A1;E2026-02-03-A2;E2026-02-03-A3;E2026-06-25-B1;E2026-06-25-B2","E2023-02-07-Q2;E2023-07-04-Q2;E2023-09-18-Q2;E2024-02-12-Q2;E2024-02-28-Q2;E2024-09-16-Q2;E2025-01-29-A1-Q2;E2025-01-29-A2-Q2;E2025-01-29-A3-Q2;E2025-02-12-A1-Q2;E2025-02-12-A2-Q2;E2025-07-01-A1-Q3;E2025-07-01-A2-Q3;E2026-02-03-A1-Q2;E2026-02-03-A2-Q2;E2026-02-03-A3-Q2;E2026-06-25-B1-Q2;E2026-06-25-B2-Q2","","","SEE_PATTERN_PAGE","SEE_PATTERN_PAGE"
"PAT-GPIO-JOYSTICK-001","ESTABLISHED_ATLAS","board:joystick","Joystick event state machine","4","E2025-07-01-A1-Q3;E2025-07-01-A2-Q3;E2026-06-25-B1;E2026-06-25-B2","E2025-07-01-A1-Q3;E2025-07-01-A2-Q3;E2026-06-25-B1-Q2;E2026-06-25-B2-Q2","","","SEE_PATTERN_PAGE","SEE_PATTERN_PAGE"
"PAT-ADC-SAMPLE-001","ESTABLISHED_ATLAS","board:adc","ADC sample conversion","3","E2026-02-03-A1;E2026-02-03-A2;E2026-02-03-A3","E2026-02-03-A1-Q2;E2026-02-03-A2-Q2;E2026-02-03-A3-Q2","","","SEE_PATTERN_PAGE","SEE_PATTERN_PAGE"
"PAT-DAC-STREAM-001","ESTABLISHED_ATLAS","board:dac","DAC table streaming","4","E2025-02-12-A1;E2025-02-12-A2;E2026-02-18-A1;E2026-02-18-A2","E2025-02-12-A1-Q2;E2025-02-12-A2-Q2;E2026-02-18-A1-Q2;E2026-02-18-A2-Q2","","","SEE_PATTERN_PAGE","SEE_PATTERN_PAGE"
"PAT-STATE-EVENT-LOOP-001","ESTABLISHED_ATLAS","state:event-loop","ISR-to-foreground event loop","12","E2023-07-04;E2023-09-18;E2024-02-28;E2024-09-16;E2025-07-01-A1-Q3;E2025-07-01-A2-Q3;E2026-02-03-A1;E2026-02-03-A3;E2026-02-18-A1;E2026-02-18-A2;E2026-06-25-B1;E2026-06-25-B2","E2023-07-04-Q2;E2023-09-18-Q2;E2024-02-28-Q2;E2024-09-16-Q2;E2025-07-01-A1-Q3;E2025-07-01-A2-Q3;E2026-02-03-A1-Q2;E2026-02-03-A3-Q2;E2026-02-18-A1-Q2;E2026-02-18-A2-Q2;E2026-06-25-B1-Q2;E2026-06-25-B2-Q2","","","SEE_PATTERN_PAGE","SEE_PATTERN_PAGE"
"PAT-STATE-DEBOUNCE-001","ESTABLISHED_ATLAS","state:debounce","Deterministic debounce","15","E2023-02-07;E2023-09-18;E2024-02-12;E2024-09-16;E2025-01-29-A1;E2025-01-29-A2;E2025-01-29-A3;E2025-02-12-A2;E2025-07-01-A1-Q3;E2025-07-01-A2-Q3;E2026-02-03-A1;E2026-02-03-A2;E2026-02-03-A3;E2026-06-25-B1;E2026-06-25-B2","E2023-02-07-Q2;E2023-09-18-Q2;E2024-02-12-Q2;E2024-09-16-Q2;E2025-01-29-A1-Q2;E2025-01-29-A2-Q2;E2025-01-29-A3-Q2;E2025-02-12-A2-Q2;E2025-07-01-A1-Q3;E2025-07-01-A2-Q3;E2026-02-03-A1-Q2;E2026-02-03-A2-Q2;E2026-02-03-A3-Q2;E2026-06-25-B1-Q2;E2026-06-25-B2-Q2","","","SEE_PATTERN_PAGE","SEE_PATTERN_PAGE"
"PAT-TIMER-PERIODIC-001","ESTABLISHED_ATLAS","timing:periodic","Periodic match scheduling","12","E2023-07-04;E2024-02-28;E2024-07-09;E2025-01-29-A1;E2025-01-29-A2;E2025-02-12-A1;E2025-02-12-A2;E2025-07-01-A1-Q3;E2025-07-01-A2-Q3;E2026-02-03-A3;E2026-02-18-A1;E2026-02-18-A2","E2023-07-04-Q2;E2024-02-28-Q2;E2024-07-09-Q2;E2025-01-29-A1-Q2;E2025-01-29-A2-Q2;E2025-02-12-A1-Q2;E2025-02-12-A2-Q2;E2025-07-01-A1-Q3;E2025-07-01-A2-Q3;E2026-02-03-A3-Q2;E2026-02-18-A1-Q2;E2026-02-18-A2-Q2","","","SEE_PATTERN_PAGE","SEE_PATTERN_PAGE"
"PAT-TIMER-FREE-RUNNING-001","ESTABLISHED_ATLAS","timing:free-running","Free-running timer seed","7","E2023-02-07;E2024-02-12;E2025-01-29-A1;E2025-01-29-A2;E2025-01-29-A3;E2026-06-25-B1;E2026-06-25-B2","E2023-02-07-Q2;E2024-02-12-Q2;E2025-01-29-A1-Q2;E2025-01-29-A2-Q2;E2025-01-29-A3-Q2;E2026-06-25-B1-Q2;E2026-06-25-B2-Q2","","","SEE_PATTERN_PAGE","SEE_PATTERN_PAGE"
"PAT-AAPCS-STACK-SAFETY-001","ESTABLISHED_ATLAS","risk:stack-alignment","Register preservation and stack safety","28","E2023-02-07;E2023-02-24;E2023-05-17;E2023-07-04;E2023-09-18;E2024-02-12;E2024-02-28;E2024-07-09;E2024-09-16;E2025-01-29-A1;E2025-01-29-A2;E2025-01-29-A3;E2025-02-12-A1;E2025-02-12-A2;E2025-07-01-A1;E2025-07-01-A2;E2026-02-03-A1;E2026-02-03-A2;E2026-02-03-A3;E2026-02-18-A1;E2026-02-18-A2;E2026-06-25-B1;E2026-06-25-B2","E2023-02-07-Q1;E2023-02-24-Q1;E2023-02-24-Q2;E2023-05-17-Q1;E2023-05-17-Q2;E2023-07-04-Q1;E2023-09-18-Q1;E2024-02-12-Q1;E2024-02-28-Q1;E2024-07-09-Q1;E2024-07-09-Q2;E2024-09-16-Q1;E2025-01-29-A1-Q1;E2025-01-29-A2-Q1;E2025-01-29-A3-Q1;E2025-02-12-A1-Q1;E2025-02-12-A2-Q1;E2025-07-01-A1-Q1;E2025-07-01-A1-Q2;E2025-07-01-A2-Q1;E2025-07-01-A2-Q2;E2026-02-03-A1-Q1;E2026-02-03-A2-Q1;E2026-02-03-A3-Q1;E2026-02-18-A1-Q1;E2026-02-18-A2-Q1;E2026-06-25-B1-Q1;E2026-06-25-B2-Q1","","","SEE_PATTERN_PAGE","SEE_PATTERN_PAGE"
"PAT-STATE-IRQ-HANDOFF-001","ESTABLISHED_ATLAS","risk:irq-shared-state","Atomic ISR event handoff","20","E2023-02-07;E2023-07-04;E2023-09-18;E2024-02-12;E2024-02-28;E2024-09-16;E2025-01-29-A1;E2025-01-29-A2;E2025-01-29-A3;E2025-02-12-A1;E2025-02-12-A2;E2025-07-01-A1-Q3;E2025-07-01-A2-Q3;E2026-02-03-A1;E2026-02-03-A2;E2026-02-03-A3;E2026-02-18-A1;E2026-02-18-A2;E2026-06-25-B1;E2026-06-25-B2","E2023-02-07-Q2;E2023-07-04-Q2;E2023-09-18-Q2;E2024-02-12-Q2;E2024-02-28-Q2;E2024-09-16-Q2;E2025-01-29-A1-Q2;E2025-01-29-A2-Q2;E2025-01-29-A3-Q2;E2025-02-12-A1-Q2;E2025-02-12-A2-Q2;E2025-07-01-A1-Q3;E2025-07-01-A2-Q3;E2026-02-03-A1-Q2;E2026-02-03-A2-Q2;E2026-02-03-A3-Q2;E2026-02-18-A1-Q2;E2026-02-18-A2-Q2;E2026-06-25-B1-Q2;E2026-06-25-B2-Q2","","","SEE_PATTERN_PAGE","SEE_PATTERN_PAGE"
"PAT-TIMER-VECTOR-OWNERSHIP-001","ESTABLISHED_ATLAS","risk:vector-ownership","Exclusive interrupt-vector ownership","4","E2023-02-07;E2024-07-09;E2026-02-18-A1;E2026-02-18-A2","E2023-02-07-Q2;E2024-07-09-Q2;E2026-02-18-A1-Q2;E2026-02-18-A2-Q2","","","SEE_PATTERN_PAGE","SEE_PATTERN_PAGE"
"PAT-DATA-ASM-OBJECTS-001","HIGH_PRIORITY_EXAM_DERIVED","exam-derived:data-sum","Assembly objects and exported symbols","2","E2023-02-07;E2025-01-29-A3","E2023-02-07-Q1;E2025-01-29-A3-Q1","02 - Code Recipes/11 - Maximum Algorithm Reference/PAT-DATA-ASM-OBJECTS-001/c/reference.c","02 - Code Recipes/11 - Maximum Algorithm Reference/PAT-DATA-ASM-OBJECTS-001/arm/implementation.s","HOST_EDGE_TESTED_C","SIMULATOR_EXECUTED_PASS"
"PAT-ALG-WIDE-DIVISION-001","HIGH_PRIORITY_EXAM_DERIVED","exam-derived:signed-div","Signed 64-by-32 restoring division","1","E2023-05-17","E2023-05-17-Q1","02 - Code Recipes/11 - Maximum Algorithm Reference/PAT-ALG-WIDE-DIVISION-001/c/reference.c","02 - Code Recipes/11 - Maximum Algorithm Reference/PAT-ALG-WIDE-DIVISION-001/arm/implementation.s","HOST_EDGE_TESTED_C","SIMULATOR_EXECUTED_PASS"
"PAT-MEM-PACKED-TRANSPOSE-001","HIGH_PRIORITY_EXAM_DERIVED","exam-derived:transpose","Packed 8x8 bit-matrix transpose","2","E2025-01-29-A3","E2025-01-29-A3-Q1;E2025-01-29-A3-Q2","02 - Code Recipes/11 - Maximum Algorithm Reference/PAT-MEM-PACKED-TRANSPOSE-001/c/reference.c","02 - Code Recipes/11 - Maximum Algorithm Reference/PAT-MEM-PACKED-TRANSPOSE-001/arm/implementation.s","HOST_EDGE_TESTED_C","SIMULATOR_EXECUTED_PASS"
"PAT-ALG-PACKED-MATMUL-001","HIGH_PRIORITY_EXAM_DERIVED","exam-derived:matmul","Packed binary matrix multiplication","1","E2025-01-29-A2","E2025-01-29-A2-Q1","02 - Code Recipes/11 - Maximum Algorithm Reference/PAT-ALG-PACKED-MATMUL-001/c/reference.c","02 - Code Recipes/11 - Maximum Algorithm Reference/PAT-ALG-PACKED-MATMUL-001/arm/implementation.s","HOST_EDGE_TESTED_C","SIMULATOR_EXECUTED_PASS"
"PAT-ALG-DFS-STACK-001","HIGH_PRIORITY_EXAM_DERIVED","exam-derived:dfs-stack","Bounded DFS with an explicit stack","1","E2024-07-09","E2024-07-09-Q1","02 - Code Recipes/11 - Maximum Algorithm Reference/PAT-ALG-DFS-STACK-001/c/reference.c","02 - Code Recipes/11 - Maximum Algorithm Reference/PAT-ALG-DFS-STACK-001/arm/implementation.s","HOST_EDGE_TESTED_C","SIMULATOR_EXECUTED_PASS"
"PAT-ALG-COMPONENT-MERGE-001","HIGH_PRIORITY_EXAM_DERIVED","exam-derived:component-merge","Component-label merge","1","E2024-09-16","E2024-09-16-Q1","02 - Code Recipes/11 - Maximum Algorithm Reference/PAT-ALG-COMPONENT-MERGE-001/c/reference.c","02 - Code Recipes/11 - Maximum Algorithm Reference/PAT-ALG-COMPONENT-MERGE-001/arm/implementation.s","HOST_EDGE_TESTED_C","SIMULATOR_EXECUTED_PASS"
"PAT-ALG-LCG-001","HIGH_PRIORITY_EXAM_DERIVED","exam-derived:lcg","Five-argument linear congruential generator","5","E2024-02-12;E2025-07-01-A1;E2025-07-01-A2","E2024-02-12-Q2;E2025-07-01-A1-Q1;E2025-07-01-A1-Q2;E2025-07-01-A2-Q1;E2025-07-01-A2-Q2","02 - Code Recipes/11 - Maximum Algorithm Reference/PAT-ALG-LCG-001/c/reference.c","02 - Code Recipes/11 - Maximum Algorithm Reference/PAT-ALG-LCG-001/arm/implementation.s","HOST_EDGE_TESTED_C","SIMULATOR_EXECUTED_PASS"
"PAT-ALG-RUN-LENGTH-001","HIGH_PRIORITY_EXAM_DERIVED","exam-derived:rle","Run-length encoding","2","E2026-02-03-A1;E2026-02-03-A2","E2026-02-03-A1-Q1;E2026-02-03-A2-Q1","02 - Code Recipes/11 - Maximum Algorithm Reference/PAT-ALG-RUN-LENGTH-001/c/reference.c","02 - Code Recipes/11 - Maximum Algorithm Reference/PAT-ALG-RUN-LENGTH-001/arm/implementation.s","HOST_EDGE_TESTED_C","SIMULATOR_EXECUTED_PASS"
"PAT-ALG-LOOK-AND-SAY-001","HIGH_PRIORITY_EXAM_DERIVED","exam-derived:look-say","Bounded look-and-say generation","1","E2026-02-03-A1","E2026-02-03-A1-Q1","02 - Code Recipes/11 - Maximum Algorithm Reference/PAT-ALG-LOOK-AND-SAY-001/c/reference.c","02 - Code Recipes/11 - Maximum Algorithm Reference/PAT-ALG-LOOK-AND-SAY-001/arm/implementation.s","HOST_EDGE_TESTED_C","SIMULATOR_EXECUTED_PASS"
"PAT-ALG-INDIRECT-RECURRENCE-001","HIGH_PRIORITY_EXAM_DERIVED","exam-derived:recaman","Indirect-index recurrence","3","E2026-02-03-A3;E2026-02-18-A1;E2026-02-18-A2","E2026-02-03-A3-Q1;E2026-02-18-A1-Q1;E2026-02-18-A2-Q1","02 - Code Recipes/11 - Maximum Algorithm Reference/PAT-ALG-INDIRECT-RECURRENCE-001/c/reference.c","02 - Code Recipes/11 - Maximum Algorithm Reference/PAT-ALG-INDIRECT-RECURRENCE-001/arm/implementation.s","HOST_EDGE_TESTED_C","SIMULATOR_EXECUTED_PASS"
"PAT-ALG-REDUCTION-001","HIGH_PRIORITY_EXAM_DERIVED","exam-derived:reduction","Signed min max and sum reduction","4","E2024-09-16;E2026-02-18-A1;E2026-02-18-A2;E2026-06-25-B1","E2024-09-16-Q1;E2026-02-18-A1-Q1;E2026-02-18-A2-Q1;E2026-06-25-B1-Q1","02 - Code Recipes/11 - Maximum Algorithm Reference/PAT-ALG-REDUCTION-001/c/reference.c","02 - Code Recipes/11 - Maximum Algorithm Reference/PAT-ALG-REDUCTION-001/arm/implementation.s","HOST_EDGE_TESTED_C","SIMULATOR_EXECUTED_PASS"
"PAT-ALG-CONSUME-ONCE-MATCH-001","HIGH_PRIORITY_EXAM_DERIVED","exam-derived:bulls","Consume-once duplicate-safe matching","4","E2026-06-25-B1;E2026-06-25-B2","E2026-06-25-B1-Q1;E2026-06-25-B1-Q2;E2026-06-25-B2-Q1;E2026-06-25-B2-Q2","02 - Code Recipes/11 - Maximum Algorithm Reference/PAT-ALG-CONSUME-ONCE-MATCH-001/c/reference.c","02 - Code Recipes/11 - Maximum Algorithm Reference/PAT-ALG-CONSUME-ONCE-MATCH-001/arm/implementation.s","HOST_EDGE_TESTED_C","SIMULATOR_EXECUTED_PASS"
"PAT-ALG-LINEAR-SEARCH-001","SUPPLEMENTARY_REFERENCE","supplementary:linear-search","Linear search variants","1","E2026-02-03-A3","E2026-02-03-A3-Q1","02 - Code Recipes/11 - Maximum Algorithm Reference/PAT-ALG-LINEAR-SEARCH-001/c/reference.c","02 - Code Recipes/11 - Maximum Algorithm Reference/PAT-ALG-LINEAR-SEARCH-001/arm/implementation.s","HOST_EDGE_TESTED_C","COMPILE_ONLY"
"PAT-ALG-BINARY-SEARCH-001","SUPPLEMENTARY_REFERENCE","supplementary:binary-search","Binary search and lower bound","0","","","02 - Code Recipes/11 - Maximum Algorithm Reference/PAT-ALG-BINARY-SEARCH-001/c/reference.c","02 - Code Recipes/11 - Maximum Algorithm Reference/PAT-ALG-BINARY-SEARCH-001/arm/implementation.s","HOST_EDGE_TESTED_C","COMPILE_ONLY"
"PAT-ALG-ARRAY-REVERSAL-001","SUPPLEMENTARY_REFERENCE","supplementary:reverse","In-place array reversal","0","","","02 - Code Recipes/11 - Maximum Algorithm Reference/PAT-ALG-ARRAY-REVERSAL-001/c/reference.c","02 - Code Recipes/11 - Maximum Algorithm Reference/PAT-ALG-ARRAY-REVERSAL-001/arm/implementation.s","HOST_EDGE_TESTED_C","COMPILE_ONLY"
"PAT-ALG-ARRAY-ROTATION-001","SUPPLEMENTARY_REFERENCE","supplementary:rotate","Left and right array rotation","0","","","02 - Code Recipes/11 - Maximum Algorithm Reference/PAT-ALG-ARRAY-ROTATION-001/c/reference.c","02 - Code Recipes/11 - Maximum Algorithm Reference/PAT-ALG-ARRAY-ROTATION-001/arm/implementation.s","HOST_EDGE_TESTED_C","COMPILE_ONLY"
"PAT-ALG-SELECTION-SORT-001","SUPPLEMENTARY_REFERENCE","supplementary:selection","Selection sort","0","","","02 - Code Recipes/11 - Maximum Algorithm Reference/PAT-ALG-SELECTION-SORT-001/c/reference.c","02 - Code Recipes/11 - Maximum Algorithm Reference/PAT-ALG-SELECTION-SORT-001/arm/implementation.s","HOST_EDGE_TESTED_C","COMPILE_ONLY"
"PAT-ALG-BUBBLE-SORT-001","SUPPLEMENTARY_REFERENCE","supplementary:bubble","Bubble sort with early termination","0","","","02 - Code Recipes/11 - Maximum Algorithm Reference/PAT-ALG-BUBBLE-SORT-001/c/reference.c","02 - Code Recipes/11 - Maximum Algorithm Reference/PAT-ALG-BUBBLE-SORT-001/arm/implementation.s","HOST_EDGE_TESTED_C","COMPILE_ONLY"
"PAT-ALG-MERGE-SORT-001","SUPPLEMENTARY_REFERENCE","supplementary:merge-sort","Stable merge sort","0","","","02 - Code Recipes/11 - Maximum Algorithm Reference/PAT-ALG-MERGE-SORT-001/c/reference.c","02 - Code Recipes/11 - Maximum Algorithm Reference/PAT-ALG-MERGE-SORT-001/arm/implementation.s","HOST_EDGE_TESTED_C","COMPILE_ONLY"
"PAT-ALG-QUICKSORT-001","SUPPLEMENTARY_REFERENCE","supplementary:quicksort","Partition-based quicksort","0","","","02 - Code Recipes/11 - Maximum Algorithm Reference/PAT-ALG-QUICKSORT-001/c/reference.c","02 - Code Recipes/11 - Maximum Algorithm Reference/PAT-ALG-QUICKSORT-001/arm/implementation.s","HOST_EDGE_TESTED_C","COMPILE_ONLY"
"PAT-ALG-HEAP-SORT-001","SUPPLEMENTARY_REFERENCE","supplementary:heap-sort","Heap construction and heap sort","0","","","02 - Code Recipes/11 - Maximum Algorithm Reference/PAT-ALG-HEAP-SORT-001/c/reference.c","02 - Code Recipes/11 - Maximum Algorithm Reference/PAT-ALG-HEAP-SORT-001/arm/implementation.s","HOST_EDGE_TESTED_C","COMPILE_ONLY"
"PAT-ALG-COUNTING-SORT-001","SUPPLEMENTARY_REFERENCE","supplementary:counting-sort","Bounded counting sort","0","","","02 - Code Recipes/11 - Maximum Algorithm Reference/PAT-ALG-COUNTING-SORT-001/c/reference.c","02 - Code Recipes/11 - Maximum Algorithm Reference/PAT-ALG-COUNTING-SORT-001/arm/implementation.s","HOST_EDGE_TESTED_C","COMPILE_ONLY"
"PAT-ALG-GCD-LCM-001","SUPPLEMENTARY_REFERENCE","supplementary:gcd","Euclidean GCD and overflow-aware LCM","0","","","02 - Code Recipes/11 - Maximum Algorithm Reference/PAT-ALG-GCD-LCM-001/c/reference.c","02 - Code Recipes/11 - Maximum Algorithm Reference/PAT-ALG-GCD-LCM-001/arm/implementation.s","HOST_EDGE_TESTED_C","COMPILE_ONLY"
"PAT-ALG-PRIME-FACTORIZATION-001","SUPPLEMENTARY_REFERENCE","supplementary:prime","Prime testing and trial factorization","1","E2023-07-04","E2023-07-04-Q1","02 - Code Recipes/11 - Maximum Algorithm Reference/PAT-ALG-PRIME-FACTORIZATION-001/c/reference.c","02 - Code Recipes/11 - Maximum Algorithm Reference/PAT-ALG-PRIME-FACTORIZATION-001/arm/implementation.s","HOST_EDGE_TESTED_C","COMPILE_ONLY"
"PAT-ALG-INTEGER-SQRT-001","SUPPLEMENTARY_REFERENCE","supplementary:isqrt","Integer square root","0","","","02 - Code Recipes/11 - Maximum Algorithm Reference/PAT-ALG-INTEGER-SQRT-001/c/reference.c","02 - Code Recipes/11 - Maximum Algorithm Reference/PAT-ALG-INTEGER-SQRT-001/arm/implementation.s","HOST_EDGE_TESTED_C","COMPILE_ONLY"
"PAT-ALG-FAST-POWER-001","SUPPLEMENTARY_REFERENCE","supplementary:power","Exponentiation by squaring","0","","","02 - Code Recipes/11 - Maximum Algorithm Reference/PAT-ALG-FAST-POWER-001/c/reference.c","02 - Code Recipes/11 - Maximum Algorithm Reference/PAT-ALG-FAST-POWER-001/arm/implementation.s","HOST_EDGE_TESTED_C","COMPILE_ONLY"
"PAT-ALG-DECIMAL-DIGITS-001","SUPPLEMENTARY_REFERENCE","supplementary:digits","Decimal digit algorithms","2","E2023-02-24;E2023-09-18","E2023-02-24-Q1;E2023-09-18-Q1","02 - Code Recipes/11 - Maximum Algorithm Reference/PAT-ALG-DECIMAL-DIGITS-001/c/reference.c","02 - Code Recipes/11 - Maximum Algorithm Reference/PAT-ALG-DECIMAL-DIGITS-001/arm/implementation.s","HOST_EDGE_TESTED_C","COMPILE_ONLY"
"PAT-ALG-POPCOUNT-PARITY-001","SUPPLEMENTARY_REFERENCE","supplementary:popcount","Population count and parity","0","","","02 - Code Recipes/11 - Maximum Algorithm Reference/PAT-ALG-POPCOUNT-PARITY-001/c/reference.c","02 - Code Recipes/11 - Maximum Algorithm Reference/PAT-ALG-POPCOUNT-PARITY-001/arm/implementation.s","HOST_EDGE_TESTED_C","COMPILE_ONLY"
"PAT-ALG-BITFIELD-001","SUPPLEMENTARY_REFERENCE","supplementary:bitfield","Bitfield extraction insertion and packing","6","E2025-01-29-A1;E2025-01-29-A2;E2025-01-29-A3;E2025-07-01-A2;E2026-06-25-B1;E2026-06-25-B2","E2025-01-29-A1-Q1;E2025-01-29-A2-Q1;E2025-01-29-A3-Q1;E2025-07-01-A2-Q1;E2026-06-25-B1-Q2;E2026-06-25-B2-Q2","02 - Code Recipes/11 - Maximum Algorithm Reference/PAT-ALG-BITFIELD-001/c/reference.c","02 - Code Recipes/11 - Maximum Algorithm Reference/PAT-ALG-BITFIELD-001/arm/implementation.s","HOST_EDGE_TESTED_C","COMPILE_ONLY"
"PAT-ALG-SATURATING-ARITHMETIC-001","SUPPLEMENTARY_REFERENCE","supplementary:saturate","Clamp absolute saturation and overflow","2","E2026-02-18-A1;E2026-02-18-A2","E2026-02-18-A1-Q2;E2026-02-18-A2-Q2","02 - Code Recipes/11 - Maximum Algorithm Reference/PAT-ALG-SATURATING-ARITHMETIC-001/c/reference.c","02 - Code Recipes/11 - Maximum Algorithm Reference/PAT-ALG-SATURATING-ARITHMETIC-001/arm/implementation.s","HOST_EDGE_TESTED_C","COMPILE_ONLY"
"PAT-ALG-PREFIX-SUM-001","SUPPLEMENTARY_REFERENCE","supplementary:prefix","Prefix sums and range sums","0","","","02 - Code Recipes/11 - Maximum Algorithm Reference/PAT-ALG-PREFIX-SUM-001/c/reference.c","02 - Code Recipes/11 - Maximum Algorithm Reference/PAT-ALG-PREFIX-SUM-001/arm/implementation.s","HOST_EDGE_TESTED_C","COMPILE_ONLY"
"PAT-ALG-HISTOGRAM-MODE-001","SUPPLEMENTARY_REFERENCE","supplementary:histogram","Histogram frequency and mode","0","","","02 - Code Recipes/11 - Maximum Algorithm Reference/PAT-ALG-HISTOGRAM-MODE-001/c/reference.c","02 - Code Recipes/11 - Maximum Algorithm Reference/PAT-ALG-HISTOGRAM-MODE-001/arm/implementation.s","HOST_EDGE_TESTED_C","COMPILE_ONLY"
"PAT-ALG-HORNER-001","SUPPLEMENTARY_REFERENCE","supplementary:horner","Horner polynomial evaluation","0","","","02 - Code Recipes/11 - Maximum Algorithm Reference/PAT-ALG-HORNER-001/c/reference.c","02 - Code Recipes/11 - Maximum Algorithm Reference/PAT-ALG-HORNER-001/arm/implementation.s","HOST_EDGE_TESTED_C","COMPILE_ONLY"
"PAT-ALG-MOVING-AVERAGE-001","SUPPLEMENTARY_REFERENCE","supplementary:moving","Moving average and sliding window","0","","","02 - Code Recipes/11 - Maximum Algorithm Reference/PAT-ALG-MOVING-AVERAGE-001/c/reference.c","02 - Code Recipes/11 - Maximum Algorithm Reference/PAT-ALG-MOVING-AVERAGE-001/arm/implementation.s","HOST_EDGE_TESTED_C","COMPILE_ONLY"
"PAT-ALG-STRING-PRIMITIVES-001","SUPPLEMENTARY_REFERENCE","supplementary:string","Bounded string primitives","0","","","02 - Code Recipes/11 - Maximum Algorithm Reference/PAT-ALG-STRING-PRIMITIVES-001/c/reference.c","02 - Code Recipes/11 - Maximum Algorithm Reference/PAT-ALG-STRING-PRIMITIVES-001/arm/implementation.s","HOST_EDGE_TESTED_C","COMPILE_ONLY"
"PAT-ALG-MEMMOVE-001","SUPPLEMENTARY_REFERENCE","supplementary:memmove","Overlap-safe memory movement","0","","","02 - Code Recipes/11 - Maximum Algorithm Reference/PAT-ALG-MEMMOVE-001/c/reference.c","02 - Code Recipes/11 - Maximum Algorithm Reference/PAT-ALG-MEMMOVE-001/arm/implementation.s","HOST_EDGE_TESTED_C","COMPILE_ONLY"
"PAT-ALG-CHECKSUM-CRC-001","SUPPLEMENTARY_REFERENCE","supplementary:checksum","Checksums and CRC table structure","0","","","02 - Code Recipes/11 - Maximum Algorithm Reference/PAT-ALG-CHECKSUM-CRC-001/c/reference.c","02 - Code Recipes/11 - Maximum Algorithm Reference/PAT-ALG-CHECKSUM-CRC-001/arm/implementation.s","HOST_EDGE_TESTED_C","COMPILE_ONLY"
"PAT-DS-RING-BUFFER-001","SUPPLEMENTARY_REFERENCE","supplementary:ring","Circular ring buffer","0","","","02 - Code Recipes/11 - Maximum Algorithm Reference/PAT-DS-RING-BUFFER-001/c/reference.c","02 - Code Recipes/11 - Maximum Algorithm Reference/PAT-DS-RING-BUFFER-001/arm/implementation.s","HOST_EDGE_TESTED_C","COMPILE_ONLY"
"PAT-DS-STACK-001","SUPPLEMENTARY_REFERENCE","supplementary:stack","Array-backed stack","1","E2024-07-09","E2024-07-09-Q1","02 - Code Recipes/11 - Maximum Algorithm Reference/PAT-DS-STACK-001/c/reference.c","02 - Code Recipes/11 - Maximum Algorithm Reference/PAT-DS-STACK-001/arm/implementation.s","HOST_EDGE_TESTED_C","COMPILE_ONLY"
"PAT-DS-CIRCULAR-QUEUE-001","SUPPLEMENTARY_REFERENCE","supplementary:queue","Circular queue","0","","","02 - Code Recipes/11 - Maximum Algorithm Reference/PAT-DS-CIRCULAR-QUEUE-001/c/reference.c","02 - Code Recipes/11 - Maximum Algorithm Reference/PAT-DS-CIRCULAR-QUEUE-001/arm/implementation.s","HOST_EDGE_TESTED_C","COMPILE_ONLY"
"PAT-DS-LINKED-LIST-001","SUPPLEMENTARY_REFERENCE","supplementary:linked","Singly linked-list operations","0","","","02 - Code Recipes/11 - Maximum Algorithm Reference/PAT-DS-LINKED-LIST-001/c/reference.c","02 - Code Recipes/11 - Maximum Algorithm Reference/PAT-DS-LINKED-LIST-001/arm/implementation.s","HOST_EDGE_TESTED_C","COMPILE_ONLY"
"PAT-ALG-BFS-001","SUPPLEMENTARY_REFERENCE","supplementary:bfs","Breadth-first search","0","","","02 - Code Recipes/11 - Maximum Algorithm Reference/PAT-ALG-BFS-001/c/reference.c","02 - Code Recipes/11 - Maximum Algorithm Reference/PAT-ALG-BFS-001/arm/implementation.s","HOST_EDGE_TESTED_C","COMPILE_ONLY"
"PAT-ALG-RECURSIVE-DFS-001","SUPPLEMENTARY_REFERENCE","supplementary:recursive-dfs","Recursive DFS with depth contract","0","","","02 - Code Recipes/11 - Maximum Algorithm Reference/PAT-ALG-RECURSIVE-DFS-001/c/reference.c","02 - Code Recipes/11 - Maximum Algorithm Reference/PAT-ALG-RECURSIVE-DFS-001/arm/implementation.s","HOST_EDGE_TESTED_C","COMPILE_ONLY"
"PAT-ALG-FLOOD-FILL-001","SUPPLEMENTARY_REFERENCE","supplementary:flood","Flood fill and maze propagation","2","E2024-02-12;E2024-02-28","E2024-02-12-Q1;E2024-02-28-Q1","02 - Code Recipes/11 - Maximum Algorithm Reference/PAT-ALG-FLOOD-FILL-001/c/reference.c","02 - Code Recipes/11 - Maximum Algorithm Reference/PAT-ALG-FLOOD-FILL-001/arm/implementation.s","HOST_EDGE_TESTED_C","COMPILE_ONLY"
"PAT-ALG-DIJKSTRA-001","SUPPLEMENTARY_REFERENCE","supplementary:dijkstra","Dijkstra shortest path","0","","","02 - Code Recipes/11 - Maximum Algorithm Reference/PAT-ALG-DIJKSTRA-001/c/reference.c","02 - Code Recipes/11 - Maximum Algorithm Reference/PAT-ALG-DIJKSTRA-001/arm/implementation.s","HOST_EDGE_TESTED_C","COMPILE_ONLY"
"PAT-DS-UNION-FIND-001","SUPPLEMENTARY_REFERENCE","supplementary:union-find","Union-find with compression and rank","1","E2024-09-16","E2024-09-16-Q1","02 - Code Recipes/11 - Maximum Algorithm Reference/PAT-DS-UNION-FIND-001/c/reference.c","02 - Code Recipes/11 - Maximum Algorithm Reference/PAT-DS-UNION-FIND-001/arm/implementation.s","HOST_EDGE_TESTED_C","COMPILE_ONLY"
"PAT-ALG-KNAPSACK-001","SUPPLEMENTARY_REFERENCE","supplementary:knapsack","Bounded zero-one knapsack","0","","","02 - Code Recipes/11 - Maximum Algorithm Reference/PAT-ALG-KNAPSACK-001/c/reference.c","02 - Code Recipes/11 - Maximum Algorithm Reference/PAT-ALG-KNAPSACK-001/arm/implementation.s","HOST_EDGE_TESTED_C","COMPILE_ONLY"
"PAT-ALG-COIN-CHANGE-001","SUPPLEMENTARY_REFERENCE","supplementary:coin","Coin change","0","","","02 - Code Recipes/11 - Maximum Algorithm Reference/PAT-ALG-COIN-CHANGE-001/c/reference.c","02 - Code Recipes/11 - Maximum Algorithm Reference/PAT-ALG-COIN-CHANGE-001/arm/implementation.s","HOST_EDGE_TESTED_C","COMPILE_ONLY"
"PAT-ALG-LIS-001","SUPPLEMENTARY_REFERENCE","supplementary:lis","Longest increasing subsequence","0","","","02 - Code Recipes/11 - Maximum Algorithm Reference/PAT-ALG-LIS-001/c/reference.c","02 - Code Recipes/11 - Maximum Algorithm Reference/PAT-ALG-LIS-001/arm/implementation.s","HOST_EDGE_TESTED_C","COMPILE_ONLY"
"PAT-ALG-EDIT-DISTANCE-001","SUPPLEMENTARY_REFERENCE","supplementary:edit","Edit distance","0","","","02 - Code Recipes/11 - Maximum Algorithm Reference/PAT-ALG-EDIT-DISTANCE-001/c/reference.c","02 - Code Recipes/11 - Maximum Algorithm Reference/PAT-ALG-EDIT-DISTANCE-001/arm/implementation.s","HOST_EDGE_TESTED_C","COMPILE_ONLY"
