"title","family","tag","exam_ids","c_source","arm_source","question_count"
"Signed and unsigned array sorting","alg","alg:sorting","E2023-02-07;E2023-02-24","../../../../03_ADDITIONAL_STUDY_MATERIAL/01%20-%20Learn/01%20-%20C%20Foundations/C_EXAM_COURSE.md","../../../../03_ADDITIONAL_STUDY_MATERIAL/02%20-%20Code%20Recipes/03%20-%20Arrays%20and%20Matrices/array_scan_word.s","2"
"Bounded recurrence into an array","alg","alg:recurrence","E2023-02-24;E2023-07-04;E2025-02-12-A1;E2025-02-12-A2;E2025-07-01-A1;E2025-07-01-A2;E2026-02-03-A3;E2026-02-18-A1;E2026-02-18-A2","../../../../03_ADDITIONAL_STUDY_MATERIAL/01%20-%20Learn/01%20-%20C%20Foundations/C_EXAM_COURSE.md","../../../../03_ADDITIONAL_STUDY_MATERIAL/02%20-%20Code%20Recipes/04%20-%20Algorithms/recurrence_into_array.s","10"
"Matrix and graph traversal","alg","alg:graph-search","E2024-02-12;E2024-02-28;E2024-07-09;E2024-09-16","../../../../03_ADDITIONAL_STUDY_MATERIAL/01%20-%20Learn/01%20-%20C%20Foundations/C_EXAM_COURSE.md","../../../../03_ADDITIONAL_STUDY_MATERIAL/02%20-%20Code%20Recipes/03%20-%20Arrays%20and%20Matrices/matrix_row_major_byte.s","4"
"Frequency-count comparison","alg","alg:frequency-count","E2026-06-25-B1;E2026-06-25-B2","../../../../03_ADDITIONAL_STUDY_MATERIAL/01%20-%20Learn/01%20-%20C%20Foundations/C_EXAM_COURSE.md","../../../../03_ADDITIONAL_STUDY_MATERIAL/03%20-%20Solved%20Exams/2026-06-25_ARM1_BullsAndCows/Answer%20Source/assembly.s","2"
"Fixed-point multiply and recurrence","alg","alg:fixed-point","E2025-02-12-A1;E2025-02-12-A2","../../../../03_ADDITIONAL_STUDY_MATERIAL/01%20-%20Learn/01%20-%20C%20Foundations/C_EXAM_COURSE.md","../../../../03_ADDITIONAL_STUDY_MATERIAL/02%20-%20Code%20Recipes/05%20-%20Wide%20and%20Fixed%20Point/fixed_point_recurrence.s","2"
"Nested loops with preserved outer state","flow","flow:nested-loop","E2023-02-07;E2023-02-24;E2023-07-04;E2024-02-12;E2024-02-28;E2024-09-16;E2025-01-29-A1;E2025-01-29-A2;E2025-01-29-A3;E2026-02-03-A1;E2026-02-03-A3;E2026-06-25-B2","../../../../03_ADDITIONAL_STUDY_MATERIAL/01%20-%20Learn/01%20-%20C%20Foundations/C_EXAM_COURSE.md","../../../../03_ADDITIONAL_STUDY_MATERIAL/02%20-%20Code%20Recipes/04%20-%20Algorithms/nested_search_with_break.s","12"
"Balanced early exit from inner search","flow","flow:early-break","E2023-02-07;E2024-02-12;E2025-01-29-A2;E2026-02-03-A2;E2026-06-25-B2","../../../../03_ADDITIONAL_STUDY_MATERIAL/01%20-%20Learn/01%20-%20C%20Foundations/C_EXAM_COURSE.md","../../../../03_ADDITIONAL_STUDY_MATERIAL/02%20-%20Code%20Recipes/04%20-%20Algorithms/nested_search_with_break.s","5"
"Signed and unsigned byte arrays","mem","mem:byte-array","E2023-02-07;E2024-02-12;E2024-02-28;E2024-07-09;E2025-01-29-A1;E2025-01-29-A2;E2025-01-29-A3;E2026-02-03-A1;E2026-02-03-A2","../../../../03_ADDITIONAL_STUDY_MATERIAL/01%20-%20Learn/01%20-%20C%20Foundations/C_EXAM_COURSE.md","../../../../03_ADDITIONAL_STUDY_MATERIAL/02%20-%20Code%20Recipes/03%20-%20Arrays%20and%20Matrices/matrix_row_major_byte.s","16"
"Word-array traversal","mem","mem:word-array","E2023-07-04;E2023-09-18;E2024-09-16;E2025-02-12-A1;E2025-02-12-A2;E2025-07-01-A1;E2025-07-01-A2;E2026-02-03-A3;E2026-02-18-A1;E2026-02-18-A2;E2026-06-25-B1;E2026-06-25-B2","../../../../03_ADDITIONAL_STUDY_MATERIAL/01%20-%20Learn/01%20-%20C%20Foundations/C_EXAM_COURSE.md","../../../../03_ADDITIONAL_STUDY_MATERIAL/02%20-%20Code%20Recipes/03%20-%20Arrays%20and%20Matrices/array_scan_word.s","17"
"Row-major matrix addressing","mem","mem:matrix-row-major","E2024-02-12;E2024-02-28;E2024-07-09;E2024-09-16;E2025-01-29-A1;E2025-01-29-A2;E2025-01-29-A3","../../../../03_ADDITIONAL_STUDY_MATERIAL/01%20-%20Learn/01%20-%20C%20Foundations/C_EXAM_COURSE.md","../../../../03_ADDITIONAL_STUDY_MATERIAL/02%20-%20Code%20Recipes/03%20-%20Arrays%20and%20Matrices/matrix_row_major_byte.s","9"
"Four-register argument contract","abi","abi:four-register-args","E2024-07-09;E2024-09-16;E2026-06-25-B1;E2026-06-25-B2","../../../../03_ADDITIONAL_STUDY_MATERIAL/01%20-%20Learn/01%20-%20C%20Foundations/C_EXAM_COURSE.md","../../../../03_ADDITIONAL_STUDY_MATERIAL/03%20-%20Solved%20Exams/2026-06-25_ARM1_BullsAndCows/Answer%20Source/assembly.s","4"
"Fifth and later arguments","abi","abi:stacked-args","E2024-09-16;E2025-07-01-A1;E2025-07-01-A2","../../../../03_ADDITIONAL_STUDY_MATERIAL/01%20-%20Learn/01%20-%20C%20Foundations/C_EXAM_COURSE.md","../../../../03_ADDITIONAL_STUDY_MATERIAL/02%20-%20Code%20Recipes/02%20-%20Assembly%20Building%20Blocks/five_to_seven_arguments.s","5"
"Non-leaf prologue and epilogue","abi","abi:nonleaf","E2023-02-07;E2023-02-24;E2023-07-04;E2023-09-18;E2024-07-09;E2024-09-16;E2025-02-12-A1;E2025-02-12-A2;E2025-07-01-A1;E2025-07-01-A2;E2026-02-03-A1;E2026-02-03-A3","../../../../03_ADDITIONAL_STUDY_MATERIAL/01%20-%20Learn/01%20-%20C%20Foundations/C_EXAM_COURSE.md","../../../../03_ADDITIONAL_STUDY_MATERIAL/02%20-%20Code%20Recipes/02%20-%20Assembly%20Building%20Blocks/nonleaf_function.s","14"
"APSR flag contract","cpu","cpu:flags","E2023-05-17;E2023-09-18","../../../../03_ADDITIONAL_STUDY_MATERIAL/01%20-%20Learn/01%20-%20C%20Foundations/C_EXAM_COURSE.md","../../../../03_ADDITIONAL_STUDY_MATERIAL/02%20-%20Code%20Recipes/07%20-%20Interrupts%20and%20Exceptions/apsr_flags.s","3"
"SVC immediate decoding","cpu","cpu:svc","E2023-02-24","../../../../03_ADDITIONAL_STUDY_MATERIAL/01%20-%20Learn/01%20-%20C%20Foundations/C_EXAM_COURSE.md","../../../../03_ADDITIONAL_STUDY_MATERIAL/02%20-%20Code%20Recipes/07%20-%20Interrupts%20and%20Exceptions/svc_handler.s","1"
"MSP/PSP exception-frame selection","cpu","cpu:exception-frame","E2023-02-24","../../../../03_ADDITIONAL_STUDY_MATERIAL/01%20-%20Learn/01%20-%20C%20Foundations/C_EXAM_COURSE.md","../../../../03_ADDITIONAL_STUDY_MATERIAL/02%20-%20Code%20Recipes/07%20-%20Interrupts%20and%20Exceptions/svc_handler.s","1"
"Timer setup and ownership","board","board:timer","E2023-02-07;E2023-07-04;E2024-02-12;E2024-02-28;E2025-01-29-A1;E2025-01-29-A2;E2025-01-29-A3;E2025-02-12-A1;E2025-02-12-A2;E2025-07-01-A1-Q3;E2025-07-01-A2-Q3;E2026-02-03-A3;E2026-02-18-A1;E2026-02-18-A2;E2026-06-25-B1;E2026-06-25-B2","../../../../03_ADDITIONAL_STUDY_MATERIAL/02%20-%20Code%20Recipes/08%20-%20Board%20Components/periodic_timer.c","../../../../03_ADDITIONAL_STUDY_MATERIAL/01%20-%20Learn/02%20-%20ARM%20Foundations/ASSEMBLY_EXAM_COURSE.md","16"
"GPIO event capture","board","board:gpio","E2023-02-07;E2023-07-04;E2023-09-18;E2024-02-12;E2024-02-28;E2024-09-16;E2025-01-29-A1;E2025-01-29-A2;E2025-01-29-A3;E2025-02-12-A1;E2025-02-12-A2;E2025-07-01-A1-Q3;E2025-07-01-A2-Q3;E2026-02-03-A1;E2026-02-03-A2;E2026-02-03-A3;E2026-06-25-B1;E2026-06-25-B2","../../../../03_ADDITIONAL_STUDY_MATERIAL/02%20-%20Code%20Recipes/08%20-%20Board%20Components/button_debounce_event.c","../../../../03_ADDITIONAL_STUDY_MATERIAL/01%20-%20Learn/02%20-%20ARM%20Foundations/ASSEMBLY_EXAM_COURSE.md","18"
"Joystick event state machine","board","board:joystick","E2025-07-01-A1-Q3;E2025-07-01-A2-Q3;E2026-06-25-B1;E2026-06-25-B2","../../../../03_ADDITIONAL_STUDY_MATERIAL/02%20-%20Code%20Recipes/08%20-%20Board%20Components/joystick_state_machine.c","../../../../03_ADDITIONAL_STUDY_MATERIAL/01%20-%20Learn/02%20-%20ARM%20Foundations/ASSEMBLY_EXAM_COURSE.md","4"
"ADC sample conversion","board","board:adc","E2026-02-03-A1;E2026-02-03-A2;E2026-02-03-A3","../../../../03_ADDITIONAL_STUDY_MATERIAL/02%20-%20Code%20Recipes/08%20-%20Board%20Components/adc_to_leds.c","../../../../03_ADDITIONAL_STUDY_MATERIAL/01%20-%20Learn/02%20-%20ARM%20Foundations/ASSEMBLY_EXAM_COURSE.md","3"
"DAC table streaming","board","board:dac","E2025-02-12-A1;E2025-02-12-A2;E2026-02-18-A1;E2026-02-18-A2","../../../../03_ADDITIONAL_STUDY_MATERIAL/02%20-%20Code%20Recipes/08%20-%20Board%20Components/dac_table_stream.c","../../../../03_ADDITIONAL_STUDY_MATERIAL/01%20-%20Learn/02%20-%20ARM%20Foundations/ASSEMBLY_EXAM_COURSE.md","4"
"ISR-to-foreground event loop","state","state:event-loop","E2023-07-04;E2023-09-18;E2024-02-28;E2024-09-16;E2025-07-01-A1-Q3;E2025-07-01-A2-Q3;E2026-02-03-A1;E2026-02-03-A3;E2026-02-18-A1;E2026-02-18-A2;E2026-06-25-B1;E2026-06-25-B2","../../../../03_ADDITIONAL_STUDY_MATERIAL/02%20-%20Code%20Recipes/08%20-%20Board%20Components/joystick_state_machine.c","../../../../03_ADDITIONAL_STUDY_MATERIAL/01%20-%20Learn/02%20-%20ARM%20Foundations/ASSEMBLY_EXAM_COURSE.md","12"
"Deterministic debounce","state","state:debounce","E2023-02-07;E2023-09-18;E2024-02-12;E2024-09-16;E2025-01-29-A1;E2025-01-29-A2;E2025-01-29-A3;E2025-02-12-A2;E2025-07-01-A1-Q3;E2025-07-01-A2-Q3;E2026-02-03-A1;E2026-02-03-A2;E2026-02-03-A3;E2026-06-25-B1;E2026-06-25-B2","../../../../03_ADDITIONAL_STUDY_MATERIAL/02%20-%20Code%20Recipes/08%20-%20Board%20Components/button_debounce_event.c","../../../../03_ADDITIONAL_STUDY_MATERIAL/01%20-%20Learn/02%20-%20ARM%20Foundations/ASSEMBLY_EXAM_COURSE.md","15"
"Periodic match scheduling","timing","timing:periodic","E2023-07-04;E2024-02-28;E2024-07-09;E2025-01-29-A1;E2025-01-29-A2;E2025-02-12-A1;E2025-02-12-A2;E2025-07-01-A1-Q3;E2025-07-01-A2-Q3;E2026-02-03-A3;E2026-02-18-A1;E2026-02-18-A2","../../../../03_ADDITIONAL_STUDY_MATERIAL/02%20-%20Code%20Recipes/08%20-%20Board%20Components/periodic_timer.c","../../../../03_ADDITIONAL_STUDY_MATERIAL/01%20-%20Learn/02%20-%20ARM%20Foundations/ASSEMBLY_EXAM_COURSE.md","12"
"Free-running timer seed","timing","timing:free-running","E2023-02-07;E2024-02-12;E2025-01-29-A1;E2025-01-29-A2;E2025-01-29-A3;E2026-06-25-B1;E2026-06-25-B2","../../../../03_ADDITIONAL_STUDY_MATERIAL/02%20-%20Code%20Recipes/08%20-%20Board%20Components/free_running_timer.c","../../../../03_ADDITIONAL_STUDY_MATERIAL/01%20-%20Learn/02%20-%20ARM%20Foundations/ASSEMBLY_EXAM_COURSE.md","7"
"Register preservation and stack safety","risk","risk:stack-alignment","E2023-02-07;E2023-02-24;E2023-05-17;E2023-07-04;E2023-09-18;E2024-02-12;E2024-02-28;E2024-07-09;E2024-09-16;E2025-01-29-A1;E2025-01-29-A2;E2025-01-29-A3;E2025-02-12-A1;E2025-02-12-A2;E2025-07-01-A1;E2025-07-01-A2;E2026-02-03-A1;E2026-02-03-A2;E2026-02-03-A3;E2026-02-18-A1;E2026-02-18-A2;E2026-06-25-B1;E2026-06-25-B2","../../../../03_ADDITIONAL_STUDY_MATERIAL/01%20-%20Learn/01%20-%20C%20Foundations/C_EXAM_COURSE.md","../../../../03_ADDITIONAL_STUDY_MATERIAL/02%20-%20Code%20Recipes/02%20-%20Assembly%20Building%20Blocks/nonleaf_function.s","28"
"Atomic ISR event handoff","risk","risk:irq-shared-state","E2023-02-07;E2023-07-04;E2023-09-18;E2024-02-12;E2024-02-28;E2024-09-16;E2025-01-29-A1;E2025-01-29-A2;E2025-01-29-A3;E2025-02-12-A1;E2025-02-12-A2;E2025-07-01-A1-Q3;E2025-07-01-A2-Q3;E2026-02-03-A1;E2026-02-03-A2;E2026-02-03-A3;E2026-02-18-A1;E2026-02-18-A2;E2026-06-25-B1;E2026-06-25-B2","../../../../03_ADDITIONAL_STUDY_MATERIAL/02%20-%20Code%20Recipes/08%20-%20Board%20Components/periodic_timer.c","../../../../03_ADDITIONAL_STUDY_MATERIAL/01%20-%20Learn/02%20-%20ARM%20Foundations/ASSEMBLY_EXAM_COURSE.md","20"
"Exclusive interrupt-vector ownership","risk","risk:vector-ownership","E2023-02-07;E2024-07-09;E2026-02-18-A1;E2026-02-18-A2","../../../../03_ADDITIONAL_STUDY_MATERIAL/02%20-%20Code%20Recipes/08%20-%20Board%20Components/multi_timer_state.c","../../../../03_ADDITIONAL_STUDY_MATERIAL/02%20-%20Code%20Recipes/07%20-%20Interrupts%20and%20Exceptions/systick_raw.s","4"
"Assembly objects and exported symbols","exam-derived","exam-derived:data-sum","E2023-02-07;E2025-01-29-A3","../../../../03_ADDITIONAL_STUDY_MATERIAL/02%20-%20Code%20Recipes/11%20-%20Maximum%20Algorithm%20Reference/PAT-DATA-ASM-OBJECTS-001/c/reference.c","../../../../03_ADDITIONAL_STUDY_MATERIAL/02%20-%20Code%20Recipes/11%20-%20Maximum%20Algorithm%20Reference/PAT-DATA-ASM-OBJECTS-001/arm/implementation.s","2"
"Signed 64-by-32 restoring division","exam-derived","exam-derived:signed-div","E2023-05-17","../../../../03_ADDITIONAL_STUDY_MATERIAL/02%20-%20Code%20Recipes/11%20-%20Maximum%20Algorithm%20Reference/PAT-ALG-WIDE-DIVISION-001/c/reference.c","../../../../03_ADDITIONAL_STUDY_MATERIAL/02%20-%20Code%20Recipes/11%20-%20Maximum%20Algorithm%20Reference/PAT-ALG-WIDE-DIVISION-001/arm/implementation.s","1"
"Packed 8x8 bit-matrix transpose","exam-derived","exam-derived:transpose","E2025-01-29-A3","../../../../03_ADDITIONAL_STUDY_MATERIAL/02%20-%20Code%20Recipes/11%20-%20Maximum%20Algorithm%20Reference/PAT-MEM-PACKED-TRANSPOSE-001/c/reference.c","../../../../03_ADDITIONAL_STUDY_MATERIAL/02%20-%20Code%20Recipes/11%20-%20Maximum%20Algorithm%20Reference/PAT-MEM-PACKED-TRANSPOSE-001/arm/implementation.s","2"
"Packed binary matrix multiplication","exam-derived","exam-derived:matmul","E2025-01-29-A2","../../../../03_ADDITIONAL_STUDY_MATERIAL/02%20-%20Code%20Recipes/11%20-%20Maximum%20Algorithm%20Reference/PAT-ALG-PACKED-MATMUL-001/c/reference.c","../../../../03_ADDITIONAL_STUDY_MATERIAL/02%20-%20Code%20Recipes/11%20-%20Maximum%20Algorithm%20Reference/PAT-ALG-PACKED-MATMUL-001/arm/implementation.s","1"
"Bounded DFS with an explicit stack","exam-derived","exam-derived:dfs-stack","E2024-07-09","../../../../03_ADDITIONAL_STUDY_MATERIAL/02%20-%20Code%20Recipes/11%20-%20Maximum%20Algorithm%20Reference/PAT-ALG-DFS-STACK-001/c/reference.c","../../../../03_ADDITIONAL_STUDY_MATERIAL/02%20-%20Code%20Recipes/11%20-%20Maximum%20Algorithm%20Reference/PAT-ALG-DFS-STACK-001/arm/implementation.s","1"
"Component-label merge","exam-derived","exam-derived:component-merge","E2024-09-16","../../../../03_ADDITIONAL_STUDY_MATERIAL/02%20-%20Code%20Recipes/11%20-%20Maximum%20Algorithm%20Reference/PAT-ALG-COMPONENT-MERGE-001/c/reference.c","../../../../03_ADDITIONAL_STUDY_MATERIAL/02%20-%20Code%20Recipes/11%20-%20Maximum%20Algorithm%20Reference/PAT-ALG-COMPONENT-MERGE-001/arm/implementation.s","1"
"Five-argument linear congruential generator","exam-derived","exam-derived:lcg","E2024-02-12;E2025-07-01-A1;E2025-07-01-A2","../../../../03_ADDITIONAL_STUDY_MATERIAL/02%20-%20Code%20Recipes/11%20-%20Maximum%20Algorithm%20Reference/PAT-ALG-LCG-001/c/reference.c","../../../../03_ADDITIONAL_STUDY_MATERIAL/02%20-%20Code%20Recipes/11%20-%20Maximum%20Algorithm%20Reference/PAT-ALG-LCG-001/arm/implementation.s","5"
"Run-length encoding","exam-derived","exam-derived:rle","E2026-02-03-A1;E2026-02-03-A2","../../../../03_ADDITIONAL_STUDY_MATERIAL/02%20-%20Code%20Recipes/11%20-%20Maximum%20Algorithm%20Reference/PAT-ALG-RUN-LENGTH-001/c/reference.c","../../../../03_ADDITIONAL_STUDY_MATERIAL/02%20-%20Code%20Recipes/11%20-%20Maximum%20Algorithm%20Reference/PAT-ALG-RUN-LENGTH-001/arm/implementation.s","2"
"Bounded look-and-say generation","exam-derived","exam-derived:look-say","E2026-02-03-A1","../../../../03_ADDITIONAL_STUDY_MATERIAL/02%20-%20Code%20Recipes/11%20-%20Maximum%20Algorithm%20Reference/PAT-ALG-LOOK-AND-SAY-001/c/reference.c","../../../../03_ADDITIONAL_STUDY_MATERIAL/02%20-%20Code%20Recipes/11%20-%20Maximum%20Algorithm%20Reference/PAT-ALG-LOOK-AND-SAY-001/arm/implementation.s","1"
"Indirect-index recurrence","exam-derived","exam-derived:recaman","E2026-02-03-A3;E2026-02-18-A1;E2026-02-18-A2","../../../../03_ADDITIONAL_STUDY_MATERIAL/02%20-%20Code%20Recipes/11%20-%20Maximum%20Algorithm%20Reference/PAT-ALG-INDIRECT-RECURRENCE-001/c/reference.c","../../../../03_ADDITIONAL_STUDY_MATERIAL/02%20-%20Code%20Recipes/11%20-%20Maximum%20Algorithm%20Reference/PAT-ALG-INDIRECT-RECURRENCE-001/arm/implementation.s","3"
"Signed min max and sum reduction","exam-derived","exam-derived:reduction","E2024-09-16;E2026-02-18-A1;E2026-02-18-A2;E2026-06-25-B1","../../../../03_ADDITIONAL_STUDY_MATERIAL/02%20-%20Code%20Recipes/11%20-%20Maximum%20Algorithm%20Reference/PAT-ALG-REDUCTION-001/c/reference.c","../../../../03_ADDITIONAL_STUDY_MATERIAL/02%20-%20Code%20Recipes/11%20-%20Maximum%20Algorithm%20Reference/PAT-ALG-REDUCTION-001/arm/implementation.s","4"
"Consume-once duplicate-safe matching","exam-derived","exam-derived:bulls","E2026-06-25-B1;E2026-06-25-B2","../../../../03_ADDITIONAL_STUDY_MATERIAL/02%20-%20Code%20Recipes/11%20-%20Maximum%20Algorithm%20Reference/PAT-ALG-CONSUME-ONCE-MATCH-001/c/reference.c","../../../../03_ADDITIONAL_STUDY_MATERIAL/02%20-%20Code%20Recipes/11%20-%20Maximum%20Algorithm%20Reference/PAT-ALG-CONSUME-ONCE-MATCH-001/arm/implementation.s","4"
"Linear search variants","supplementary","supplementary:linear-search","E2026-02-03-A3","../../../../03_ADDITIONAL_STUDY_MATERIAL/02%20-%20Code%20Recipes/11%20-%20Maximum%20Algorithm%20Reference/PAT-ALG-LINEAR-SEARCH-001/c/reference.c","../../../../03_ADDITIONAL_STUDY_MATERIAL/02%20-%20Code%20Recipes/11%20-%20Maximum%20Algorithm%20Reference/PAT-ALG-LINEAR-SEARCH-001/arm/implementation.s","1"
"Binary search and lower bound","supplementary","supplementary:binary-search","","../../../../03_ADDITIONAL_STUDY_MATERIAL/02%20-%20Code%20Recipes/11%20-%20Maximum%20Algorithm%20Reference/PAT-ALG-BINARY-SEARCH-001/c/reference.c","../../../../03_ADDITIONAL_STUDY_MATERIAL/02%20-%20Code%20Recipes/11%20-%20Maximum%20Algorithm%20Reference/PAT-ALG-BINARY-SEARCH-001/arm/implementation.s","0"
"In-place array reversal","supplementary","supplementary:reverse","","../../../../03_ADDITIONAL_STUDY_MATERIAL/02%20-%20Code%20Recipes/11%20-%20Maximum%20Algorithm%20Reference/PAT-ALG-ARRAY-REVERSAL-001/c/reference.c","../../../../03_ADDITIONAL_STUDY_MATERIAL/02%20-%20Code%20Recipes/11%20-%20Maximum%20Algorithm%20Reference/PAT-ALG-ARRAY-REVERSAL-001/arm/implementation.s","0"
"Left and right array rotation","supplementary","supplementary:rotate","","../../../../03_ADDITIONAL_STUDY_MATERIAL/02%20-%20Code%20Recipes/11%20-%20Maximum%20Algorithm%20Reference/PAT-ALG-ARRAY-ROTATION-001/c/reference.c","../../../../03_ADDITIONAL_STUDY_MATERIAL/02%20-%20Code%20Recipes/11%20-%20Maximum%20Algorithm%20Reference/PAT-ALG-ARRAY-ROTATION-001/arm/implementation.s","0"
"Selection sort","supplementary","supplementary:selection","","../../../../03_ADDITIONAL_STUDY_MATERIAL/02%20-%20Code%20Recipes/11%20-%20Maximum%20Algorithm%20Reference/PAT-ALG-SELECTION-SORT-001/c/reference.c","../../../../03_ADDITIONAL_STUDY_MATERIAL/02%20-%20Code%20Recipes/11%20-%20Maximum%20Algorithm%20Reference/PAT-ALG-SELECTION-SORT-001/arm/implementation.s","0"
"Bubble sort with early termination","supplementary","supplementary:bubble","","../../../../03_ADDITIONAL_STUDY_MATERIAL/02%20-%20Code%20Recipes/11%20-%20Maximum%20Algorithm%20Reference/PAT-ALG-BUBBLE-SORT-001/c/reference.c","../../../../03_ADDITIONAL_STUDY_MATERIAL/02%20-%20Code%20Recipes/11%20-%20Maximum%20Algorithm%20Reference/PAT-ALG-BUBBLE-SORT-001/arm/implementation.s","0"
"Stable merge sort","supplementary","supplementary:merge-sort","","../../../../03_ADDITIONAL_STUDY_MATERIAL/02%20-%20Code%20Recipes/11%20-%20Maximum%20Algorithm%20Reference/PAT-ALG-MERGE-SORT-001/c/reference.c","../../../../03_ADDITIONAL_STUDY_MATERIAL/02%20-%20Code%20Recipes/11%20-%20Maximum%20Algorithm%20Reference/PAT-ALG-MERGE-SORT-001/arm/implementation.s","0"
"Partition-based quicksort","supplementary","supplementary:quicksort","","../../../../03_ADDITIONAL_STUDY_MATERIAL/02%20-%20Code%20Recipes/11%20-%20Maximum%20Algorithm%20Reference/PAT-ALG-QUICKSORT-001/c/reference.c","../../../../03_ADDITIONAL_STUDY_MATERIAL/02%20-%20Code%20Recipes/11%20-%20Maximum%20Algorithm%20Reference/PAT-ALG-QUICKSORT-001/arm/implementation.s","0"
"Heap construction and heap sort","supplementary","supplementary:heap-sort","","../../../../03_ADDITIONAL_STUDY_MATERIAL/02%20-%20Code%20Recipes/11%20-%20Maximum%20Algorithm%20Reference/PAT-ALG-HEAP-SORT-001/c/reference.c","../../../../03_ADDITIONAL_STUDY_MATERIAL/02%20-%20Code%20Recipes/11%20-%20Maximum%20Algorithm%20Reference/PAT-ALG-HEAP-SORT-001/arm/implementation.s","0"
"Bounded counting sort","supplementary","supplementary:counting-sort","","../../../../03_ADDITIONAL_STUDY_MATERIAL/02%20-%20Code%20Recipes/11%20-%20Maximum%20Algorithm%20Reference/PAT-ALG-COUNTING-SORT-001/c/reference.c","../../../../03_ADDITIONAL_STUDY_MATERIAL/02%20-%20Code%20Recipes/11%20-%20Maximum%20Algorithm%20Reference/PAT-ALG-COUNTING-SORT-001/arm/implementation.s","0"
"Euclidean GCD and overflow-aware LCM","supplementary","supplementary:gcd","","../../../../03_ADDITIONAL_STUDY_MATERIAL/02%20-%20Code%20Recipes/11%20-%20Maximum%20Algorithm%20Reference/PAT-ALG-GCD-LCM-001/c/reference.c","../../../../03_ADDITIONAL_STUDY_MATERIAL/02%20-%20Code%20Recipes/11%20-%20Maximum%20Algorithm%20Reference/PAT-ALG-GCD-LCM-001/arm/implementation.s","0"
"Prime testing and trial factorization","supplementary","supplementary:prime","E2023-07-04","../../../../03_ADDITIONAL_STUDY_MATERIAL/02%20-%20Code%20Recipes/11%20-%20Maximum%20Algorithm%20Reference/PAT-ALG-PRIME-FACTORIZATION-001/c/reference.c","../../../../03_ADDITIONAL_STUDY_MATERIAL/02%20-%20Code%20Recipes/11%20-%20Maximum%20Algorithm%20Reference/PAT-ALG-PRIME-FACTORIZATION-001/arm/implementation.s","1"
"Integer square root","supplementary","supplementary:isqrt","","../../../../03_ADDITIONAL_STUDY_MATERIAL/02%20-%20Code%20Recipes/11%20-%20Maximum%20Algorithm%20Reference/PAT-ALG-INTEGER-SQRT-001/c/reference.c","../../../../03_ADDITIONAL_STUDY_MATERIAL/02%20-%20Code%20Recipes/11%20-%20Maximum%20Algorithm%20Reference/PAT-ALG-INTEGER-SQRT-001/arm/implementation.s","0"
"Exponentiation by squaring","supplementary","supplementary:power","","../../../../03_ADDITIONAL_STUDY_MATERIAL/02%20-%20Code%20Recipes/11%20-%20Maximum%20Algorithm%20Reference/PAT-ALG-FAST-POWER-001/c/reference.c","../../../../03_ADDITIONAL_STUDY_MATERIAL/02%20-%20Code%20Recipes/11%20-%20Maximum%20Algorithm%20Reference/PAT-ALG-FAST-POWER-001/arm/implementation.s","0"
"Decimal digit algorithms","supplementary","supplementary:digits","E2023-02-24;E2023-09-18","../../../../03_ADDITIONAL_STUDY_MATERIAL/02%20-%20Code%20Recipes/11%20-%20Maximum%20Algorithm%20Reference/PAT-ALG-DECIMAL-DIGITS-001/c/reference.c","../../../../03_ADDITIONAL_STUDY_MATERIAL/02%20-%20Code%20Recipes/11%20-%20Maximum%20Algorithm%20Reference/PAT-ALG-DECIMAL-DIGITS-001/arm/implementation.s","2"
"Population count and parity","supplementary","supplementary:popcount","","../../../../03_ADDITIONAL_STUDY_MATERIAL/02%20-%20Code%20Recipes/11%20-%20Maximum%20Algorithm%20Reference/PAT-ALG-POPCOUNT-PARITY-001/c/reference.c","../../../../03_ADDITIONAL_STUDY_MATERIAL/02%20-%20Code%20Recipes/11%20-%20Maximum%20Algorithm%20Reference/PAT-ALG-POPCOUNT-PARITY-001/arm/implementation.s","0"
"Bitfield extraction insertion and packing","supplementary","supplementary:bitfield","E2025-01-29-A1;E2025-01-29-A2;E2025-01-29-A3;E2025-07-01-A2;E2026-06-25-B1;E2026-06-25-B2","../../../../03_ADDITIONAL_STUDY_MATERIAL/02%20-%20Code%20Recipes/11%20-%20Maximum%20Algorithm%20Reference/PAT-ALG-BITFIELD-001/c/reference.c","../../../../03_ADDITIONAL_STUDY_MATERIAL/02%20-%20Code%20Recipes/11%20-%20Maximum%20Algorithm%20Reference/PAT-ALG-BITFIELD-001/arm/implementation.s","6"
"Clamp absolute saturation and overflow","supplementary","supplementary:saturate","E2026-02-18-A1;E2026-02-18-A2","../../../../03_ADDITIONAL_STUDY_MATERIAL/02%20-%20Code%20Recipes/11%20-%20Maximum%20Algorithm%20Reference/PAT-ALG-SATURATING-ARITHMETIC-001/c/reference.c","../../../../03_ADDITIONAL_STUDY_MATERIAL/02%20-%20Code%20Recipes/11%20-%20Maximum%20Algorithm%20Reference/PAT-ALG-SATURATING-ARITHMETIC-001/arm/implementation.s","2"
"Prefix sums and range sums","supplementary","supplementary:prefix","","../../../../03_ADDITIONAL_STUDY_MATERIAL/02%20-%20Code%20Recipes/11%20-%20Maximum%20Algorithm%20Reference/PAT-ALG-PREFIX-SUM-001/c/reference.c","../../../../03_ADDITIONAL_STUDY_MATERIAL/02%20-%20Code%20Recipes/11%20-%20Maximum%20Algorithm%20Reference/PAT-ALG-PREFIX-SUM-001/arm/implementation.s","0"
"Histogram frequency and mode","supplementary","supplementary:histogram","","../../../../03_ADDITIONAL_STUDY_MATERIAL/02%20-%20Code%20Recipes/11%20-%20Maximum%20Algorithm%20Reference/PAT-ALG-HISTOGRAM-MODE-001/c/reference.c","../../../../03_ADDITIONAL_STUDY_MATERIAL/02%20-%20Code%20Recipes/11%20-%20Maximum%20Algorithm%20Reference/PAT-ALG-HISTOGRAM-MODE-001/arm/implementation.s","0"
"Horner polynomial evaluation","supplementary","supplementary:horner","","../../../../03_ADDITIONAL_STUDY_MATERIAL/02%20-%20Code%20Recipes/11%20-%20Maximum%20Algorithm%20Reference/PAT-ALG-HORNER-001/c/reference.c","../../../../03_ADDITIONAL_STUDY_MATERIAL/02%20-%20Code%20Recipes/11%20-%20Maximum%20Algorithm%20Reference/PAT-ALG-HORNER-001/arm/implementation.s","0"
"Moving average and sliding window","supplementary","supplementary:moving","","../../../../03_ADDITIONAL_STUDY_MATERIAL/02%20-%20Code%20Recipes/11%20-%20Maximum%20Algorithm%20Reference/PAT-ALG-MOVING-AVERAGE-001/c/reference.c","../../../../03_ADDITIONAL_STUDY_MATERIAL/02%20-%20Code%20Recipes/11%20-%20Maximum%20Algorithm%20Reference/PAT-ALG-MOVING-AVERAGE-001/arm/implementation.s","0"
"Bounded string primitives","supplementary","supplementary:string","","../../../../03_ADDITIONAL_STUDY_MATERIAL/02%20-%20Code%20Recipes/11%20-%20Maximum%20Algorithm%20Reference/PAT-ALG-STRING-PRIMITIVES-001/c/reference.c","../../../../03_ADDITIONAL_STUDY_MATERIAL/02%20-%20Code%20Recipes/11%20-%20Maximum%20Algorithm%20Reference/PAT-ALG-STRING-PRIMITIVES-001/arm/implementation.s","0"
"Overlap-safe memory movement","supplementary","supplementary:memmove","","../../../../03_ADDITIONAL_STUDY_MATERIAL/02%20-%20Code%20Recipes/11%20-%20Maximum%20Algorithm%20Reference/PAT-ALG-MEMMOVE-001/c/reference.c","../../../../03_ADDITIONAL_STUDY_MATERIAL/02%20-%20Code%20Recipes/11%20-%20Maximum%20Algorithm%20Reference/PAT-ALG-MEMMOVE-001/arm/implementation.s","0"
"Checksums and CRC table structure","supplementary","supplementary:checksum","","../../../../03_ADDITIONAL_STUDY_MATERIAL/02%20-%20Code%20Recipes/11%20-%20Maximum%20Algorithm%20Reference/PAT-ALG-CHECKSUM-CRC-001/c/reference.c","../../../../03_ADDITIONAL_STUDY_MATERIAL/02%20-%20Code%20Recipes/11%20-%20Maximum%20Algorithm%20Reference/PAT-ALG-CHECKSUM-CRC-001/arm/implementation.s","0"
"Circular ring buffer","supplementary","supplementary:ring","","../../../../03_ADDITIONAL_STUDY_MATERIAL/02%20-%20Code%20Recipes/11%20-%20Maximum%20Algorithm%20Reference/PAT-DS-RING-BUFFER-001/c/reference.c","../../../../03_ADDITIONAL_STUDY_MATERIAL/02%20-%20Code%20Recipes/11%20-%20Maximum%20Algorithm%20Reference/PAT-DS-RING-BUFFER-001/arm/implementation.s","0"
"Array-backed stack","supplementary","supplementary:stack","E2024-07-09","../../../../03_ADDITIONAL_STUDY_MATERIAL/02%20-%20Code%20Recipes/11%20-%20Maximum%20Algorithm%20Reference/PAT-DS-STACK-001/c/reference.c","../../../../03_ADDITIONAL_STUDY_MATERIAL/02%20-%20Code%20Recipes/11%20-%20Maximum%20Algorithm%20Reference/PAT-DS-STACK-001/arm/implementation.s","1"
"Circular queue","supplementary","supplementary:queue","","../../../../03_ADDITIONAL_STUDY_MATERIAL/02%20-%20Code%20Recipes/11%20-%20Maximum%20Algorithm%20Reference/PAT-DS-CIRCULAR-QUEUE-001/c/reference.c","../../../../03_ADDITIONAL_STUDY_MATERIAL/02%20-%20Code%20Recipes/11%20-%20Maximum%20Algorithm%20Reference/PAT-DS-CIRCULAR-QUEUE-001/arm/implementation.s","0"
"Singly linked-list operations","supplementary","supplementary:linked","","../../../../03_ADDITIONAL_STUDY_MATERIAL/02%20-%20Code%20Recipes/11%20-%20Maximum%20Algorithm%20Reference/PAT-DS-LINKED-LIST-001/c/reference.c","../../../../03_ADDITIONAL_STUDY_MATERIAL/02%20-%20Code%20Recipes/11%20-%20Maximum%20Algorithm%20Reference/PAT-DS-LINKED-LIST-001/arm/implementation.s","0"
"Breadth-first search","supplementary","supplementary:bfs","","../../../../03_ADDITIONAL_STUDY_MATERIAL/02%20-%20Code%20Recipes/11%20-%20Maximum%20Algorithm%20Reference/PAT-ALG-BFS-001/c/reference.c","../../../../03_ADDITIONAL_STUDY_MATERIAL/02%20-%20Code%20Recipes/11%20-%20Maximum%20Algorithm%20Reference/PAT-ALG-BFS-001/arm/implementation.s","0"
"Recursive DFS with depth contract","supplementary","supplementary:recursive-dfs","","../../../../03_ADDITIONAL_STUDY_MATERIAL/02%20-%20Code%20Recipes/11%20-%20Maximum%20Algorithm%20Reference/PAT-ALG-RECURSIVE-DFS-001/c/reference.c","../../../../03_ADDITIONAL_STUDY_MATERIAL/02%20-%20Code%20Recipes/11%20-%20Maximum%20Algorithm%20Reference/PAT-ALG-RECURSIVE-DFS-001/arm/implementation.s","0"
"Flood fill and maze propagation","supplementary","supplementary:flood","E2024-02-12;E2024-02-28","../../../../03_ADDITIONAL_STUDY_MATERIAL/02%20-%20Code%20Recipes/11%20-%20Maximum%20Algorithm%20Reference/PAT-ALG-FLOOD-FILL-001/c/reference.c","../../../../03_ADDITIONAL_STUDY_MATERIAL/02%20-%20Code%20Recipes/11%20-%20Maximum%20Algorithm%20Reference/PAT-ALG-FLOOD-FILL-001/arm/implementation.s","2"
"Dijkstra shortest path","supplementary","supplementary:dijkstra","","../../../../03_ADDITIONAL_STUDY_MATERIAL/02%20-%20Code%20Recipes/11%20-%20Maximum%20Algorithm%20Reference/PAT-ALG-DIJKSTRA-001/c/reference.c","../../../../03_ADDITIONAL_STUDY_MATERIAL/02%20-%20Code%20Recipes/11%20-%20Maximum%20Algorithm%20Reference/PAT-ALG-DIJKSTRA-001/arm/implementation.s","0"
"Union-find with compression and rank","supplementary","supplementary:union-find","E2024-09-16","../../../../03_ADDITIONAL_STUDY_MATERIAL/02%20-%20Code%20Recipes/11%20-%20Maximum%20Algorithm%20Reference/PAT-DS-UNION-FIND-001/c/reference.c","../../../../03_ADDITIONAL_STUDY_MATERIAL/02%20-%20Code%20Recipes/11%20-%20Maximum%20Algorithm%20Reference/PAT-DS-UNION-FIND-001/arm/implementation.s","1"
"Bounded zero-one knapsack","supplementary","supplementary:knapsack","","../../../../03_ADDITIONAL_STUDY_MATERIAL/02%20-%20Code%20Recipes/11%20-%20Maximum%20Algorithm%20Reference/PAT-ALG-KNAPSACK-001/c/reference.c","../../../../03_ADDITIONAL_STUDY_MATERIAL/02%20-%20Code%20Recipes/11%20-%20Maximum%20Algorithm%20Reference/PAT-ALG-KNAPSACK-001/arm/implementation.s","0"
"Coin change","supplementary","supplementary:coin","","../../../../03_ADDITIONAL_STUDY_MATERIAL/02%20-%20Code%20Recipes/11%20-%20Maximum%20Algorithm%20Reference/PAT-ALG-COIN-CHANGE-001/c/reference.c","../../../../03_ADDITIONAL_STUDY_MATERIAL/02%20-%20Code%20Recipes/11%20-%20Maximum%20Algorithm%20Reference/PAT-ALG-COIN-CHANGE-001/arm/implementation.s","0"
"Longest increasing subsequence","supplementary","supplementary:lis","","../../../../03_ADDITIONAL_STUDY_MATERIAL/02%20-%20Code%20Recipes/11%20-%20Maximum%20Algorithm%20Reference/PAT-ALG-LIS-001/c/reference.c","../../../../03_ADDITIONAL_STUDY_MATERIAL/02%20-%20Code%20Recipes/11%20-%20Maximum%20Algorithm%20Reference/PAT-ALG-LIS-001/arm/implementation.s","0"
"Edit distance","supplementary","supplementary:edit","","../../../../03_ADDITIONAL_STUDY_MATERIAL/02%20-%20Code%20Recipes/11%20-%20Maximum%20Algorithm%20Reference/PAT-ALG-EDIT-DISTANCE-001/c/reference.c","../../../../03_ADDITIONAL_STUDY_MATERIAL/02%20-%20Code%20Recipes/11%20-%20Maximum%20Algorithm%20Reference/PAT-ALG-EDIT-DISTANCE-001/arm/implementation.s","0"
