exam_id,date,year,variant,source_pdf,source_sha256,project,question_count,question_types,algorithms,peripherals,events,timing,data_shapes,abi,risks,keywords,tags,pattern_ids
E2023-02-07,2023-02-07,2023,ARM,Exams/22-23/20230207 arm.pdf,77929b413afda671274838630078b32bbebe1e643e1102a00412a7209879ce26,Study Material/03 - Solved Exams/2023-02-07_Sort_FreeRunning_Timer,2,assembly-algorithm;c-board-integration,array-copy;capture-and-sort;insertion-sort,buttons;led;timer1,int0;key1,free-running;reset-at-match-no-irq,read-only-input;signed-byte-array;writable-output,c-calls-assembly;callee-saved-registers;non-leaf,bounds;debounce;irq-shared-state;signedness;stack-balance;timer-ownership;vector-ownership,sort signed bytes copy array insertion stable;timer seed counter 0xff LED6 LED7 external interrupt sort,abi:c-calls-assembly;abi:callee-saved-registers;abi:non-leaf;algorithm:array-copy;algorithm:capture-and-sort;algorithm:insertion-sort;data:read-only-input;data:signed-byte-array;data:writable-output;event:int0;event:key1;integration:c-calls-assembly;lang:assembly;lang:c;peripheral:buttons;peripheral:led;peripheral:timer1;risk:bounds;risk:debounce;risk:irq-shared-state;risk:signedness;risk:stack-balance;risk:timer-ownership;risk:vector-ownership;timing:free-running;timing:reset-at-match-no-irq;type:assembly-algorithm;type:c-board-integration,PAT-AAPCS-NONLEAF-001;PAT-AAPCS-STACK-SAFETY-001;PAT-ALG-SORTING-001;PAT-DATA-ASM-OBJECTS-001;PAT-FLOW-EARLY-BREAK-001;PAT-FLOW-NESTED-LOOP-001;PAT-GPIO-EVENT-001;PAT-MEM-BYTE-ARRAY-001;PAT-STATE-DEBOUNCE-001;PAT-STATE-IRQ-HANDOFF-001;PAT-TIMER-FREE-RUNNING-001;PAT-TIMER-OWNERSHIP-001;PAT-TIMER-VECTOR-OWNERSHIP-001
E2023-02-24,2023-02-24,2023,ARM,Exams/22-23/20230224 arm.pdf,ebd2df9c75ec7e24bd6f76515a3b06cdfcec78b7e5aea7d33d977761fa0dc0a4,Study Material/03 - Solved Exams/2023-02-24_Kaprekar_SVC,2,assembly-algorithm;assembly-exception,decimal-digits;kaprekar;kaprekar-iteration;recurrence;sorting,,svc-50,,digit-array;exception-frame;scalar,callee-saved-registers;exception-return;non-leaf,msp-vs-psp;signedness;stack-balance;svc-decode;termination,Kaprekar digits ascending descending subtraction convergence;SVC 50 supervisor immediate stacked PC MSP PSP R6,abi:callee-saved-registers;abi:exception-return;abi:non-leaf;algorithm:decimal-digits;algorithm:kaprekar;algorithm:kaprekar-iteration;algorithm:recurrence;algorithm:sorting;data:digit-array;data:exception-frame;data:scalar;event:svc-50;integration:c-calls-assembly;lang:assembly;lang:c;risk:msp-vs-psp;risk:signedness;risk:stack-balance;risk:svc-decode;risk:termination;type:assembly-algorithm;type:assembly-exception,PAT-AAPCS-NONLEAF-001;PAT-AAPCS-STACK-SAFETY-001;PAT-ALG-DECIMAL-DIGITS-001;PAT-ALG-RECURRENCE-001;PAT-ALG-SORTING-001;PAT-CPU-EXCEPTION-FRAME-001;PAT-CPU-SVC-001;PAT-FLOW-NESTED-LOOP-001
E2023-05-17,2023-05-17,2023,ARM,Exams/22-23/20230517 arm.pdf,94a30856a4f9a56bb908dbab2def2de9fee9973a4471ac5111399a992509bbab,Study Material/03 - Solved Exams/2023-05-17_Signed_64_Division,2,assembly-algorithm;assembly-flags,condition-flag-result;signed-restoring-division,,,,apsr-flags;signed-32-bit;signed-64-bit;two-word-value,callee-saved-registers;flags-return-contract;two-register-wide-input,divide-by-zero;nzcv-semantics;overflow;sign-normalization;stack-balance,64 by 32 signed division restoring shift subtract no MUL quotient remainder;APSR CPSR N Z C V flags overflow carry,abi:callee-saved-registers;abi:flags-return-contract;abi:two-register-wide-input;algorithm:condition-flag-result;algorithm:signed-restoring-division;data:apsr-flags;data:signed-32-bit;data:signed-64-bit;data:two-word-value;lang:assembly;risk:divide-by-zero;risk:nzcv-semantics;risk:overflow;risk:sign-normalization;risk:stack-balance;type:assembly-algorithm;type:assembly-flags,PAT-AAPCS-STACK-SAFETY-001;PAT-ALG-WIDE-DIVISION-001;PAT-CPU-FLAGS-001
E2023-07-04,2023-07-04,2023,ARM,Exams/22-23/20230704 arm.pdf,00b04fb9ee48348d35f760dc4be463f251c7e107e6fece712f732e2ce8e0a82c,Study Material/03 - Solved Exams/2023-07-04_Sociable_Timer,2,assembly-algorithm;c-board-integration,aliquot-sum;circular-sequence;divisor-search;recurrence;sociable-sequence,led;timer1,timer-interrupt,periodic-2-seconds,word-array,c-calls-assembly;callee-saved-registers;non-leaf,division;irq-shared-state;stack-balance;termination;timer-ownership,periodic timer circular array display assembly call;sociable numbers aliquot proper divisors cycle,abi:c-calls-assembly;abi:callee-saved-registers;abi:non-leaf;algorithm:aliquot-sum;algorithm:circular-sequence;algorithm:divisor-search;algorithm:recurrence;algorithm:sociable-sequence;data:word-array;event:timer-interrupt;integration:c-calls-assembly;lang:assembly;lang:c;peripheral:led;peripheral:timer1;risk:division;risk:irq-shared-state;risk:stack-balance;risk:termination;risk:timer-ownership;timing:periodic-2-seconds;type:assembly-algorithm;type:c-board-integration,PAT-AAPCS-NONLEAF-001;PAT-AAPCS-STACK-SAFETY-001;PAT-ALG-PRIME-FACTORIZATION-001;PAT-ALG-RECURRENCE-001;PAT-FLOW-NESTED-LOOP-001;PAT-GPIO-EVENT-001;PAT-MEM-WORD-ARRAY-001;PAT-STATE-EVENT-LOOP-001;PAT-STATE-IRQ-HANDOFF-001;PAT-TIMER-OWNERSHIP-001;PAT-TIMER-PERIODIC-001
E2023-09-18,2023-09-18,2023,ARM,Exams/22-23/20230918 arm.pdf,2e6568d814b67ff734004e311accb982e610ba7544cdb5f1f91b324981b7846b,Study Material/03 - Solved Exams/2023-09-18_DigitAddition_Buttons,2,assembly-algorithm;c-board-integration,array-comparison;binary-value-construction;decimal-digits;digit-addition;digit-sum,buttons;led,int0;key1;key2,,digit-array;scalar;word-array,c-calls-assembly;callee-saved-registers;non-leaf,arithmetic-overflow;debounce;irq-shared-state;stack-balance,KEY1 KEY2 INT0 binary K arrays compare LEDs;digitSum digitaddition decimal carry overflow nested BL,abi:c-calls-assembly;abi:callee-saved-registers;abi:non-leaf;algorithm:array-comparison;algorithm:binary-value-construction;algorithm:decimal-digits;algorithm:digit-addition;algorithm:digit-sum;data:digit-array;data:scalar;data:word-array;event:int0;event:key1;event:key2;integration:c-calls-assembly;lang:assembly;lang:c;peripheral:buttons;peripheral:led;risk:arithmetic-overflow;risk:debounce;risk:irq-shared-state;risk:stack-balance;type:assembly-algorithm;type:c-board-integration,PAT-AAPCS-NONLEAF-001;PAT-AAPCS-STACK-SAFETY-001;PAT-ALG-DECIMAL-DIGITS-001;PAT-CPU-FLAGS-001;PAT-GPIO-EVENT-001;PAT-MEM-WORD-ARRAY-001;PAT-STATE-DEBOUNCE-001;PAT-STATE-EVENT-LOOP-001;PAT-STATE-IRQ-HANDOFF-001
E2024-02-12,2024-02-12,2024,ARM,Exams/23-24/20240212 arm.pdf,857211aa08989b7cd8e4630443c80fe33a4ad8e94d34a17636626deac8230ede,Study Material/03 - Solved Exams/2024-02-12_Maze_LCG_Timer,2,assembly-algorithm;c-board-integration,flood-fill;graph-search;lcg;maze-generation;maze-propagation,buttons;led;timer0,key2,free-running-seed,byte-matrix;row-major,c-calls-assembly;callee-saved-registers,bounds;debounce;irq-shared-state;no-progress-termination;stack-balance;timer-ownership,maze wavefront propagation reachable distance walls destination;random maze LCG Timer0 seed KEY2 matrix solver,abi:c-calls-assembly;abi:callee-saved-registers;algorithm:flood-fill;algorithm:graph-search;algorithm:lcg;algorithm:maze-generation;algorithm:maze-propagation;data:byte-matrix;data:row-major;event:key2;integration:c-calls-assembly;lang:assembly;lang:c;peripheral:buttons;peripheral:led;peripheral:timer0;risk:bounds;risk:debounce;risk:irq-shared-state;risk:no-progress-termination;risk:stack-balance;risk:timer-ownership;timing:free-running-seed;type:assembly-algorithm;type:c-board-integration,PAT-AAPCS-STACK-SAFETY-001;PAT-ALG-FLOOD-FILL-001;PAT-ALG-GRAPH-SEARCH-001;PAT-ALG-LCG-001;PAT-FLOW-EARLY-BREAK-001;PAT-FLOW-NESTED-LOOP-001;PAT-GPIO-EVENT-001;PAT-MEM-BYTE-ARRAY-001;PAT-MEM-MATRIX-ROW-MAJOR-001;PAT-STATE-DEBOUNCE-001;PAT-STATE-IRQ-HANDOFF-001;PAT-TIMER-FREE-RUNNING-001;PAT-TIMER-OWNERSHIP-001
E2024-02-28,2024-02-28,2024,ARM,Exams/23-24/20240228 arm.pdf,772f6c10718ce63a360fd71027fbfce97bacac7b86829e48cf4bd3763d966783,Study Material/03 - Solved Exams/2024-02-28_ShortestPath_Timer,2,assembly-algorithm;c-board-state-machine,led-sequence;maze-propagation;unweighted-shortest-path,led;timer,timer-interrupt,periodic-500-ms,byte-matrix;row-major,callback;callee-saved-registers,bounds;irq-shared-state;lost-events;stack-balance;timer-ownership;unreachable-destination,0.5 second periodic LED sequence states;shortest path maze distance walls wavefront,abi:callback;abi:callee-saved-registers;algorithm:led-sequence;algorithm:maze-propagation;algorithm:unweighted-shortest-path;data:byte-matrix;data:row-major;event:timer-interrupt;lang:assembly;lang:c;peripheral:led;peripheral:timer;risk:bounds;risk:irq-shared-state;risk:lost-events;risk:stack-balance;risk:timer-ownership;risk:unreachable-destination;timing:periodic-500-ms;type:assembly-algorithm;type:c-board-state-machine,PAT-AAPCS-STACK-SAFETY-001;PAT-ALG-FLOOD-FILL-001;PAT-ALG-GRAPH-SEARCH-001;PAT-FLOW-NESTED-LOOP-001;PAT-GPIO-EVENT-001;PAT-MEM-BYTE-ARRAY-001;PAT-MEM-MATRIX-ROW-MAJOR-001;PAT-STATE-EVENT-LOOP-001;PAT-STATE-IRQ-HANDOFF-001;PAT-TIMER-OWNERSHIP-001;PAT-TIMER-PERIODIC-001
E2024-07-09,2024-07-09,2024,ARM,Exams/23-24/20240709 arm.pdf,072489aedf62543620d5bb60295fb085204bae358d5316fb342c1150475a9a98,Study Material/03 - Solved Exams/2024-07-09_DFS_SysTick,2,assembly-algorithm;assembly-startup-exception,available-moves;depth-first-search;explicit-stack;maze;modulo-selection,systick,systick-interrupt,periodic,byte-matrix;candidate-array;explicit-stack;row-major,callee-saved-registers;four-register-arguments;non-leaf;reset-handler,bounds;direct-register-setup;stack-balance;stack-capacity;vector-ownership,DFS chooseNeighbor explicit stack maze four parameters;Reset_Handler SysTick available moves modulo choose neighbor,abi:callee-saved-registers;abi:four-register-arguments;abi:non-leaf;abi:reset-handler;algorithm:available-moves;algorithm:depth-first-search;algorithm:explicit-stack;algorithm:maze;algorithm:modulo-selection;data:byte-matrix;data:candidate-array;data:explicit-stack;data:row-major;event:systick-interrupt;integration:c-calls-assembly;lang:assembly;lang:c;peripheral:systick;risk:bounds;risk:direct-register-setup;risk:stack-balance;risk:stack-capacity;risk:vector-ownership;timing:periodic;type:assembly-algorithm;type:assembly-startup-exception,PAT-AAPCS-FOUR-ARGS-001;PAT-AAPCS-NONLEAF-001;PAT-AAPCS-STACK-SAFETY-001;PAT-ALG-DFS-STACK-001;PAT-ALG-GRAPH-SEARCH-001;PAT-DS-STACK-001;PAT-MEM-BYTE-ARRAY-001;PAT-MEM-MATRIX-ROW-MAJOR-001;PAT-TIMER-PERIODIC-001;PAT-TIMER-VECTOR-OWNERSHIP-001
E2024-09-16,2024-09-16,2024,ARM,Exams/23-24/20240916 arm.pdf,bbadd5254928052d8fdf6f824af902ed80a57c58adbb8028e7ec666d2935e3c1,Study Material/03 - Solved Exams/2024-09-16_Kruskal_Buttons,2,assembly-algorithm;c-board-state-machine,button-ordered-offset;component-label-merge;kruskal;min-max-reduction,buttons;led,int0;key1;key2,,row-major;three-word-arrays,callback;callee-saved-registers;non-leaf;seven-arguments;stacked-arguments,bounds;debounce;event-order;irq-shared-state;stack-balance;stacked-offsets,Kruskal MST component replacement seven parameters min max;two button state machine increment offset event order,abi:callback;abi:callee-saved-registers;abi:non-leaf;abi:seven-arguments;abi:stacked-arguments;algorithm:button-ordered-offset;algorithm:component-label-merge;algorithm:kruskal;algorithm:min-max-reduction;data:row-major;data:three-word-arrays;event:int0;event:key1;event:key2;lang:assembly;lang:c;peripheral:buttons;peripheral:led;risk:bounds;risk:debounce;risk:event-order;risk:irq-shared-state;risk:stack-balance;risk:stacked-offsets;type:assembly-algorithm;type:c-board-state-machine,PAT-AAPCS-FOUR-ARGS-001;PAT-AAPCS-NONLEAF-001;PAT-AAPCS-STACK-SAFETY-001;PAT-AAPCS-STACKED-ARGS-001;PAT-ALG-COMPONENT-MERGE-001;PAT-ALG-GRAPH-SEARCH-001;PAT-ALG-REDUCTION-001;PAT-DS-UNION-FIND-001;PAT-FLOW-NESTED-LOOP-001;PAT-GPIO-EVENT-001;PAT-MEM-MATRIX-ROW-MAJOR-001;PAT-MEM-WORD-ARRAY-001;PAT-STATE-DEBOUNCE-001;PAT-STATE-EVENT-LOOP-001;PAT-STATE-IRQ-HANDOFF-001
E2025-01-29-A1,2025-01-29,2025,ARM1,Exams/24-25/2025_01_29/20250129_ARM1.pdf,81b1160be1d5b7aa4520486427166188d838607a3f22089c7b04734b3dad4575,Study Material/03 - Solved Exams/2025-01-29_ARM1_Affine_Two_Timers,2,assembly-algorithm;c-board-integration,bitwise-affine-transform;byte-capture;packed-matrix;row-display;xor,buttons;led;timer0;timer1,int0;key1;timer0-interrupt,free-running;periodic-500-ms-full-cycle,byte-array;packed-8x8-bit-matrix,c-calls-assembly;callee-saved-registers,bit-order;bounds;debounce;irq-shared-state;row-order;stack-balance;timer-ownership,Timer1 0xffff free counter Timer0 blink rows XOR INT0 KEY1;affine bit matrix packed 8x8 masks shifts,abi:c-calls-assembly;abi:callee-saved-registers;algorithm:bitwise-affine-transform;algorithm:byte-capture;algorithm:packed-matrix;algorithm:row-display;algorithm:xor;data:byte-array;data:packed-8x8-bit-matrix;event:int0;event:key1;event:timer0-interrupt;integration:c-calls-assembly;lang:assembly;lang:c;peripheral:buttons;peripheral:led;peripheral:timer0;peripheral:timer1;risk:bit-order;risk:bounds;risk:debounce;risk:irq-shared-state;risk:row-order;risk:stack-balance;risk:timer-ownership;timing:free-running;timing:periodic-500-ms-full-cycle;type:assembly-algorithm;type:c-board-integration,PAT-AAPCS-STACK-SAFETY-001;PAT-ALG-BITFIELD-001;PAT-FLOW-NESTED-LOOP-001;PAT-GPIO-EVENT-001;PAT-MEM-BYTE-ARRAY-001;PAT-MEM-MATRIX-ROW-MAJOR-001;PAT-STATE-DEBOUNCE-001;PAT-STATE-IRQ-HANDOFF-001;PAT-TIMER-FREE-RUNNING-001;PAT-TIMER-OWNERSHIP-001;PAT-TIMER-PERIODIC-001
E2025-01-29-A2,2025-01-29,2025,ARM2,Exams/24-25/2025_01_29/20250129_ARM2.pdf,af077d82dca1acfbbac322ee1774a4d6c4ec796d42721c073e0b0fc20543e50b,Study Material/03 - Solved Exams/2025-01-29_ARM2_Matrix_Two_Timers,2,assembly-algorithm;c-board-integration,binary-matrix-multiplication;bit-dot-product;matrix-capture;row-display,buttons;led;timer0;timer1,int0;key1;timer0-interrupt,free-running;periodic-500-ms,byte-array;output-matrix;packed-8x8-bit-matrix;two-packed-matrices,c-calls-assembly;callee-saved-registers,bit-order;bounds;debounce;irq-shared-state;stack-balance;timer-ownership,fill matrices A B free timer multiply display rows;packed binary matrix multiplication GF2 bit dot product,abi:c-calls-assembly;abi:callee-saved-registers;algorithm:binary-matrix-multiplication;algorithm:bit-dot-product;algorithm:matrix-capture;algorithm:row-display;data:byte-array;data:output-matrix;data:packed-8x8-bit-matrix;data:two-packed-matrices;event:int0;event:key1;event:timer0-interrupt;integration:c-calls-assembly;lang:assembly;lang:c;peripheral:buttons;peripheral:led;peripheral:timer0;peripheral:timer1;risk:bit-order;risk:bounds;risk:debounce;risk:irq-shared-state;risk:stack-balance;risk:timer-ownership;timing:free-running;timing:periodic-500-ms;type:assembly-algorithm;type:c-board-integration,PAT-AAPCS-STACK-SAFETY-001;PAT-ALG-BITFIELD-001;PAT-ALG-PACKED-MATMUL-001;PAT-FLOW-EARLY-BREAK-001;PAT-FLOW-NESTED-LOOP-001;PAT-GPIO-EVENT-001;PAT-MEM-BYTE-ARRAY-001;PAT-MEM-MATRIX-ROW-MAJOR-001;PAT-STATE-DEBOUNCE-001;PAT-STATE-IRQ-HANDOFF-001;PAT-TIMER-FREE-RUNNING-001;PAT-TIMER-OWNERSHIP-001;PAT-TIMER-PERIODIC-001
E2025-01-29-A3,2025-01-29,2025,ARM3,Exams/24-25/2025_01_29/20250129_ARM3.pdf,761ce33d98721985812e9dac30fedd846893bfc2ccbc7b16513615d24cde2a6e,Study Material/03 - Solved Exams/2025-01-29_ARM3_Transpose_Timer,2,assembly-algorithm;c-board-integration,array-capture;packed-matrix-transpose;xor-equivalence,buttons;led;timer2,int0;key1;key2,free-running-reset-at-0xffff-no-irq,byte-array;five-byte-arrays;packed-8x8-bit-matrices;packed-8x8-bit-matrix;read-only-input;writable-output,c-calls-assembly-three-times;callee-saved-registers;two-pointer-arguments,bounds;debounce;irq-shared-state;msb-first-bit-order;stack-balance;timer-ownership,A XOR B transpose equivalence Timer2 arrays LEDs 4 5;transpose AT bit matrix 8 bytes DCB READONLY READWRITE,abi:c-calls-assembly-three-times;abi:callee-saved-registers;abi:two-pointer-arguments;algorithm:array-capture;algorithm:packed-matrix-transpose;algorithm:xor-equivalence;data:byte-array;data:five-byte-arrays;data:packed-8x8-bit-matrices;data:packed-8x8-bit-matrix;data:read-only-input;data:writable-output;event:int0;event:key1;event:key2;integration:c-calls-assembly;lang:assembly;lang:c;peripheral:buttons;peripheral:led;peripheral:timer2;risk:bounds;risk:debounce;risk:irq-shared-state;risk:msb-first-bit-order;risk:stack-balance;risk:timer-ownership;timing:free-running-reset-at-0xffff-no-irq;type:assembly-algorithm;type:c-board-integration,PAT-AAPCS-STACK-SAFETY-001;PAT-ALG-BITFIELD-001;PAT-DATA-ASM-OBJECTS-001;PAT-FLOW-NESTED-LOOP-001;PAT-GPIO-EVENT-001;PAT-MEM-BYTE-ARRAY-001;PAT-MEM-MATRIX-ROW-MAJOR-001;PAT-MEM-PACKED-TRANSPOSE-001;PAT-STATE-DEBOUNCE-001;PAT-STATE-IRQ-HANDOFF-001;PAT-TIMER-FREE-RUNNING-001;PAT-TIMER-OWNERSHIP-001
E2025-02-12-A1,2025-02-12,2025,ARM1,Exams/24-25/2025_02_12/20250212_ARM1.pdf,04bdc71658fd0d480ff738ea259fb791ea48991a1e45b2f4d8ec082de65a597f,Study Material/03 - Solved Exams/2025-02-12_ARM1_Sine_DAC,2,assembly-algorithm;c-board-integration,fixed-point-recurrence;sample-streaming;sine-maclaurin;waveform-generation,buttons;dac;speaker;timer0,int0;timer0-interrupt,periodic-1263-cycles,sample-table;signed-word-array;sine-table-45,c-calls-assembly;callee-saved-registers;non-leaf,bounds;fixed-point-scale;irq-shared-state;overflow;sample-bounds;signedness;stack-balance;timer-ownership,INT0 no debounce Timer0 1263 cycles DAC sineValues 45;sine Maclaurin fixed point recurrence 45 samples,abi:c-calls-assembly;abi:callee-saved-registers;abi:non-leaf;algorithm:fixed-point-recurrence;algorithm:sample-streaming;algorithm:sine-maclaurin;algorithm:waveform-generation;data:sample-table;data:signed-word-array;data:sine-table-45;event:int0;event:timer0-interrupt;integration:c-calls-assembly;lang:assembly;lang:c;peripheral:buttons;peripheral:dac;peripheral:speaker;peripheral:timer0;risk:bounds;risk:fixed-point-scale;risk:irq-shared-state;risk:overflow;risk:sample-bounds;risk:signedness;risk:stack-balance;risk:timer-ownership;timing:periodic-1263-cycles;type:assembly-algorithm;type:c-board-integration,PAT-AAPCS-NONLEAF-001;PAT-AAPCS-STACK-SAFETY-001;PAT-ALG-FIXED-POINT-001;PAT-ALG-RECURRENCE-001;PAT-DAC-STREAM-001;PAT-GPIO-EVENT-001;PAT-MEM-WORD-ARRAY-001;PAT-STATE-IRQ-HANDOFF-001;PAT-TIMER-OWNERSHIP-001;PAT-TIMER-PERIODIC-001
E2025-02-12-A2,2025-02-12,2025,ARM2,Exams/24-25/2025_02_12/20250212_ARM2.pdf,6260e7e253a7ddd3c5e186b84f08ef3366e0f4d062501001dadd1abb872a8b10,Study Material/03 - Solved Exams/2025-02-12_ARM2_Cosine_DAC,2,assembly-algorithm;c-board-integration,cosine-maclaurin;fixed-point-recurrence;sample-streaming;waveform-generation,buttons;dac;speaker;timer1,key1;timer1-interrupt,periodic-1592-cycles,cosine-table;sample-table;signed-word-array,c-calls-assembly;callee-saved-registers;non-leaf,bounds;debounce;fixed-point-scale;irq-shared-state;overflow;sample-bounds;signedness;stack-balance;timer-ownership,KEY1 Timer1 1592 cycles DAC cosine waveform;cosine Maclaurin fixed point recurrence samples,abi:c-calls-assembly;abi:callee-saved-registers;abi:non-leaf;algorithm:cosine-maclaurin;algorithm:fixed-point-recurrence;algorithm:sample-streaming;algorithm:waveform-generation;data:cosine-table;data:sample-table;data:signed-word-array;event:key1;event:timer1-interrupt;integration:c-calls-assembly;lang:assembly;lang:c;peripheral:buttons;peripheral:dac;peripheral:speaker;peripheral:timer1;risk:bounds;risk:debounce;risk:fixed-point-scale;risk:irq-shared-state;risk:overflow;risk:sample-bounds;risk:signedness;risk:stack-balance;risk:timer-ownership;timing:periodic-1592-cycles;type:assembly-algorithm;type:c-board-integration,PAT-AAPCS-NONLEAF-001;PAT-AAPCS-STACK-SAFETY-001;PAT-ALG-FIXED-POINT-001;PAT-ALG-RECURRENCE-001;PAT-DAC-STREAM-001;PAT-GPIO-EVENT-001;PAT-MEM-WORD-ARRAY-001;PAT-STATE-DEBOUNCE-001;PAT-STATE-IRQ-HANDOFF-001;PAT-TIMER-OWNERSHIP-001;PAT-TIMER-PERIODIC-001
E2025-07-01-A1,2025-07-01,2025,ARM1,Exams/24-25/2025_07_01/ARM1.pdf,62e6a6f5101df35128b299c565c82f3338a8474dfb83b30e87efb2916a401843,Study Material/03 - Solved Exams/2025-07-01_ARM1_LCG_Rhythm,3,assembly-algorithm;assembly-startup;c-board-state-machine,first-input-only;lcg-sequence;linear-congruential-generator;modulo;recurrence;rhythm-game,joystick;led;timer0,joystick-first-movement;timer0-interrupt,periodic-3-seconds,persistent-state;unsigned-word-state;word-array,callback;callee-saved-registers;five-arguments;non-leaf;reset-handler;stacked-argument,debounce;divide-by-zero;first-event-latching;irq-shared-state;non-returning-loop;stack-alignment;stack-balance;stacked-arguments;stacked-offset;timer-ownership;unsigned-wrap,LCG five parameters modulo unsigned wrap;Reset_Handler call LCG sequence startup persistent;rhythm game first joystick movement Timer0 three seconds,abi:callback;abi:callee-saved-registers;abi:five-arguments;abi:non-leaf;abi:reset-handler;abi:stacked-argument;algorithm:first-input-only;algorithm:lcg-sequence;algorithm:linear-congruential-generator;algorithm:modulo;algorithm:recurrence;algorithm:rhythm-game;data:persistent-state;data:unsigned-word-state;data:word-array;event:joystick-first-movement;event:timer0-interrupt;lang:assembly;lang:c;peripheral:joystick;peripheral:led;peripheral:timer0;risk:debounce;risk:divide-by-zero;risk:first-event-latching;risk:irq-shared-state;risk:non-returning-loop;risk:stack-alignment;risk:stack-balance;risk:stacked-arguments;risk:stacked-offset;risk:timer-ownership;risk:unsigned-wrap;timing:periodic-3-seconds;type:assembly-algorithm;type:assembly-startup;type:c-board-state-machine,PAT-AAPCS-NONLEAF-001;PAT-AAPCS-STACK-SAFETY-001;PAT-AAPCS-STACKED-ARGS-001;PAT-ALG-LCG-001;PAT-ALG-RECURRENCE-001;PAT-GPIO-EVENT-001;PAT-GPIO-JOYSTICK-001;PAT-MEM-WORD-ARRAY-001;PAT-STATE-DEBOUNCE-001;PAT-STATE-EVENT-LOOP-001;PAT-STATE-IRQ-HANDOFF-001;PAT-TIMER-OWNERSHIP-001;PAT-TIMER-PERIODIC-001
E2025-07-01-A2,2025-07-01,2025,ARM2,Exams/24-25/2025_07_01/ARM2.pdf,61b5bc6866d95a1ce17fd0356cb661d342641945037f71924afc4050cfba1e81,Study Material/03 - Solved Exams/2025-07-01_ARM2_LCG_Rhythm,3,assembly-algorithm;assembly-startup;c-board-state-machine,first-input-only;lcg-sequence;linear-congruential-generator;modulo;recurrence;rhythm-game;shift,joystick;led;timer1,joystick-first-movement;timer1-interrupt,periodic-2.5-seconds,persistent-state;unsigned-word-state;word-array,callback;callee-saved-registers;five-arguments;non-leaf;reset-handler;stacked-argument,debounce;first-event-latching;irq-shared-state;non-returning-loop;shift-range;stack-alignment;stack-balance;stacked-arguments;stacked-offset;timer-ownership;unsigned-wrap,LCG shift five parameters modulo unsigned;Reset_Handler LCG shifted sequence startup;rhythm game first joystick movement Timer1 2.5 seconds,abi:callback;abi:callee-saved-registers;abi:five-arguments;abi:non-leaf;abi:reset-handler;abi:stacked-argument;algorithm:first-input-only;algorithm:lcg-sequence;algorithm:linear-congruential-generator;algorithm:modulo;algorithm:recurrence;algorithm:rhythm-game;algorithm:shift;data:persistent-state;data:unsigned-word-state;data:word-array;event:joystick-first-movement;event:timer1-interrupt;lang:assembly;lang:c;peripheral:joystick;peripheral:led;peripheral:timer1;risk:debounce;risk:first-event-latching;risk:irq-shared-state;risk:non-returning-loop;risk:shift-range;risk:stack-alignment;risk:stack-balance;risk:stacked-arguments;risk:stacked-offset;risk:timer-ownership;risk:unsigned-wrap;timing:periodic-2.5-seconds;type:assembly-algorithm;type:assembly-startup;type:c-board-state-machine,PAT-AAPCS-NONLEAF-001;PAT-AAPCS-STACK-SAFETY-001;PAT-AAPCS-STACKED-ARGS-001;PAT-ALG-BITFIELD-001;PAT-ALG-LCG-001;PAT-ALG-RECURRENCE-001;PAT-GPIO-EVENT-001;PAT-GPIO-JOYSTICK-001;PAT-MEM-WORD-ARRAY-001;PAT-STATE-DEBOUNCE-001;PAT-STATE-EVENT-LOOP-001;PAT-STATE-IRQ-HANDOFF-001;PAT-TIMER-OWNERSHIP-001;PAT-TIMER-PERIODIC-001
E2026-02-03-A1,2026-02-03,2026,ARM1,Exams/Exam 03.02.2026/20260203_ARM_1.pdf,4d1f2a9349357a96f0785b83bf347553e73bcd551ccac6d4086dbe5a545488f4,Study Material/03 - Solved Exams/2026-02-03_ARM1_LookAndSay_ADC,2,assembly-algorithm;c-board-integration,adc-display;bounded-output;look-and-say;run-grouping;sequence-generation,adc;buttons;led;potentiometer,adc-complete;int0,,adc-12-bit;byte-array;digit-byte-array;output-buffer,c-calls-assembly;callee-saved-registers;non-leaf,adc-channel;bounds;capacity;debounce;final-run;irq-shared-state;stack-balance,Look-and-Say count value pairs output capacity digits;potentiometer ADC channel 5 high eight bits INT0 look say,abi:c-calls-assembly;abi:callee-saved-registers;abi:non-leaf;algorithm:adc-display;algorithm:bounded-output;algorithm:look-and-say;algorithm:run-grouping;algorithm:sequence-generation;data:adc-12-bit;data:byte-array;data:digit-byte-array;data:output-buffer;event:adc-complete;event:int0;integration:c-calls-assembly;lang:assembly;lang:c;peripheral:adc;peripheral:buttons;peripheral:led;peripheral:potentiometer;risk:adc-channel;risk:bounds;risk:capacity;risk:debounce;risk:final-run;risk:irq-shared-state;risk:stack-balance;type:assembly-algorithm;type:c-board-integration,PAT-AAPCS-NONLEAF-001;PAT-AAPCS-STACK-SAFETY-001;PAT-ADC-SAMPLE-001;PAT-ALG-LOOK-AND-SAY-001;PAT-ALG-RUN-LENGTH-001;PAT-FLOW-NESTED-LOOP-001;PAT-GPIO-EVENT-001;PAT-MEM-BYTE-ARRAY-001;PAT-STATE-DEBOUNCE-001;PAT-STATE-EVENT-LOOP-001;PAT-STATE-IRQ-HANDOFF-001
E2026-02-03-A2,2026-02-03,2026,ARM2,Exams/Exam 03.02.2026/20260203_ARM_2.pdf,ecc909cda345d5f4bbd6c6978f0417a8921c5647290b8feaadba497438a44829,Study Material/03 - Solved Exams/2026-02-03_ARM2_RLE_ADC,2,assembly-algorithm;c-board-integration,adc-display;run-grouping;run-length-encoding,adc;buttons;led;potentiometer,adc-complete;key1,,adc-12-bit;byte-array;count-value-output;digit-byte-array,c-calls-assembly;callee-saved-registers,adc-channel;bounds;capacity;debounce;final-run;irq-shared-state;stack-balance,RLE run length encoding final run output length;potentiometer ADC channel 5 high eight bits KEY1 RLE,abi:c-calls-assembly;abi:callee-saved-registers;algorithm:adc-display;algorithm:run-grouping;algorithm:run-length-encoding;data:adc-12-bit;data:byte-array;data:count-value-output;data:digit-byte-array;event:adc-complete;event:key1;integration:c-calls-assembly;lang:assembly;lang:c;peripheral:adc;peripheral:buttons;peripheral:led;peripheral:potentiometer;risk:adc-channel;risk:bounds;risk:capacity;risk:debounce;risk:final-run;risk:irq-shared-state;risk:stack-balance;type:assembly-algorithm;type:c-board-integration,PAT-AAPCS-STACK-SAFETY-001;PAT-ADC-SAMPLE-001;PAT-ALG-RUN-LENGTH-001;PAT-FLOW-EARLY-BREAK-001;PAT-GPIO-EVENT-001;PAT-MEM-BYTE-ARRAY-001;PAT-STATE-DEBOUNCE-001;PAT-STATE-IRQ-HANDOFF-001
E2026-02-03-A3,2026-02-03,2026,ARM3,Exams/Exam 03.02.2026/20260203_ARM_3.pdf,3b7d7638803bf8e8c0329eca34265667b4df7ad4c19a500b45b0e1566074d46b,Study Material/03 - Solved Exams/2026-02-03_ARM3_Recaman_ADC_Timer,2,assembly-algorithm;c-board-integration,adc-display;duplicate-search;indirect-recurrence;recaman;sequence-display,adc;buttons;led;potentiometer;timer,adc-complete;key2;timer-interrupt,periodic-2-seconds,adc-12-bit;word-array,c-calls-assembly;callee-saved-registers;non-leaf,adc-channel;bounds;debounce;duplicate-detection;irq-shared-state;positive-subtraction;stack-balance;timer-ownership,ADC potentiometer KEY2 Recaman two second timer LEDs;Recaman subtract if positive unused otherwise add,abi:c-calls-assembly;abi:callee-saved-registers;abi:non-leaf;algorithm:adc-display;algorithm:duplicate-search;algorithm:indirect-recurrence;algorithm:recaman;algorithm:sequence-display;data:adc-12-bit;data:word-array;event:adc-complete;event:key2;event:timer-interrupt;integration:c-calls-assembly;lang:assembly;lang:c;peripheral:adc;peripheral:buttons;peripheral:led;peripheral:potentiometer;peripheral:timer;risk:adc-channel;risk:bounds;risk:debounce;risk:duplicate-detection;risk:irq-shared-state;risk:positive-subtraction;risk:stack-balance;risk:timer-ownership;timing:periodic-2-seconds;type:assembly-algorithm;type:c-board-integration,PAT-AAPCS-NONLEAF-001;PAT-AAPCS-STACK-SAFETY-001;PAT-ADC-SAMPLE-001;PAT-ALG-INDIRECT-RECURRENCE-001;PAT-ALG-LINEAR-SEARCH-001;PAT-ALG-RECURRENCE-001;PAT-FLOW-NESTED-LOOP-001;PAT-GPIO-EVENT-001;PAT-MEM-WORD-ARRAY-001;PAT-STATE-DEBOUNCE-001;PAT-STATE-EVENT-LOOP-001;PAT-STATE-IRQ-HANDOFF-001;PAT-TIMER-OWNERSHIP-001;PAT-TIMER-PERIODIC-001
E2026-02-18-A1,2026-02-18,2026,ARM1,Exams/Exam 18.02.2026/20260218_ARM_1.pdf,0ef4f9295c4d1d486e29a037ebdd0f159208e131d2fa26ce3723b223b0887fa2,Study Material/03 - Solved Exams/2026-02-18_ARM1_Three_Timers,2,assembly-algorithm;c-board-integration,duration-scaling;frequency-scaling;hofstadter-q;indirect-recurrence;maximum-reduction;sample-streaming,dac;speaker;timer-a;timer-b;timer-c,three-timer-interrupts,one-shot-duration;periodic-sample-rate;scheduler-50-ms,sine-table-45;uint16-samples;word-array-1000,c-calls-assembly;callee-saved-registers;two-arguments,bounds;indirect-index;irq-shared-state;one-based-vs-zero-based;overflow-order;running-state;sample-wrap;stack-balance;three-timer-ownership,Hofstadter Q iterative previous indexed terms maximum;three timers Hofstadter music SinTable DAC speaker threshold frequency duration,abi:c-calls-assembly;abi:callee-saved-registers;abi:two-arguments;algorithm:duration-scaling;algorithm:frequency-scaling;algorithm:hofstadter-q;algorithm:indirect-recurrence;algorithm:maximum-reduction;algorithm:sample-streaming;data:sine-table-45;data:uint16-samples;data:word-array-1000;event:three-timer-interrupts;integration:c-calls-assembly;lang:assembly;lang:c;peripheral:dac;peripheral:speaker;peripheral:timer-a;peripheral:timer-b;peripheral:timer-c;risk:bounds;risk:indirect-index;risk:irq-shared-state;risk:one-based-vs-zero-based;risk:overflow-order;risk:running-state;risk:sample-wrap;risk:stack-balance;risk:three-timer-ownership;timing:one-shot-duration;timing:periodic-sample-rate;timing:scheduler-50-ms;type:assembly-algorithm;type:c-board-integration,PAT-AAPCS-STACK-SAFETY-001;PAT-ALG-INDIRECT-RECURRENCE-001;PAT-ALG-RECURRENCE-001;PAT-ALG-REDUCTION-001;PAT-ALG-SATURATING-ARITHMETIC-001;PAT-DAC-STREAM-001;PAT-MEM-WORD-ARRAY-001;PAT-STATE-EVENT-LOOP-001;PAT-STATE-IRQ-HANDOFF-001;PAT-TIMER-OWNERSHIP-001;PAT-TIMER-PERIODIC-001;PAT-TIMER-VECTOR-OWNERSHIP-001
E2026-02-18-A2,2026-02-18,2026,ARM2,Exams/Exam 18.02.2026/20260218_ARM_2.pdf,4dfecf2ee5556c9aa2b55184743e35fad063e50c0960233a80f5404312d458ea,Study Material/03 - Solved Exams/2026-02-18_ARM2_Three_Timers,2,assembly-algorithm;c-board-integration,duration-scaling;frequency-scaling;hofstadter-conway;indirect-recurrence;maximum-reduction;sample-streaming,dac;speaker;timer-a;timer-b;timer-c,three-timer-interrupts,one-shot-duration;periodic-sample-rate;scheduler-50-ms,first-1000-used;sine-table-45;uint16-samples;word-array-1000;word-array-10000-declared,c-calls-assembly;callee-saved-registers;two-arguments,bounds;indirect-index;irq-shared-state;large-static-array;one-based-vs-zero-based;overflow-order;running-state;sample-wrap;stack-balance;three-timer-ownership,Hofstadter Conway 10000 iterative indirect indexes maximum large array;three timers Hofstadter Conway music SinTable DAC speaker threshold,abi:c-calls-assembly;abi:callee-saved-registers;abi:two-arguments;algorithm:duration-scaling;algorithm:frequency-scaling;algorithm:hofstadter-conway;algorithm:indirect-recurrence;algorithm:maximum-reduction;algorithm:sample-streaming;data:first-1000-used;data:sine-table-45;data:uint16-samples;data:word-array-1000;data:word-array-10000-declared;event:three-timer-interrupts;integration:c-calls-assembly;lang:assembly;lang:c;peripheral:dac;peripheral:speaker;peripheral:timer-a;peripheral:timer-b;peripheral:timer-c;risk:bounds;risk:indirect-index;risk:irq-shared-state;risk:large-static-array;risk:one-based-vs-zero-based;risk:overflow-order;risk:running-state;risk:sample-wrap;risk:stack-balance;risk:three-timer-ownership;timing:one-shot-duration;timing:periodic-sample-rate;timing:scheduler-50-ms;type:assembly-algorithm;type:c-board-integration,PAT-AAPCS-STACK-SAFETY-001;PAT-ALG-INDIRECT-RECURRENCE-001;PAT-ALG-RECURRENCE-001;PAT-ALG-REDUCTION-001;PAT-ALG-SATURATING-ARITHMETIC-001;PAT-DAC-STREAM-001;PAT-MEM-WORD-ARRAY-001;PAT-STATE-EVENT-LOOP-001;PAT-STATE-IRQ-HANDOFF-001;PAT-TIMER-OWNERSHIP-001;PAT-TIMER-PERIODIC-001;PAT-TIMER-VECTOR-OWNERSHIP-001
E2026-06-25-B1,2026-06-25,2026,ARM1,Exams/Exam 25.06.2206/20260625_ARM_1.pdf,a3f7eaca07f96a281382237948255abc1fadcfd2a3502d2e4d604921128fa2a8,Study Material/03 - Solved Exams/2026-06-25_ARM1_BullsAndCows,2,assembly-algorithm;c-board-integration,bitfield-display;bulls-and-cows;duplicate-safe-matching;frequency-count;game-state-machine;min-reduction;timer-derived-secret,joystick;led;timer,joystick-directions;joystick-select,free-running-seed,four-digits;four-two-bit-fields;four-word-arrays,c-calls-assembly;callee-saved-registers;four-register-arguments,debounce;duplicates;irq-shared-state;operator-precedence;secret-lifetime;stack-balance;state-transition;timer-ownership;zero-initialization,Bulls and Cows joystick select guess secret timer hexadecimal digits LEDs;BullsAndCows frequency arrays bulls cows duplicate digits encoded result,abi:c-calls-assembly;abi:callee-saved-registers;abi:four-register-arguments;algorithm:bitfield-display;algorithm:bulls-and-cows;algorithm:duplicate-safe-matching;algorithm:frequency-count;algorithm:game-state-machine;algorithm:min-reduction;algorithm:timer-derived-secret;data:four-digits;data:four-two-bit-fields;data:four-word-arrays;event:joystick-directions;event:joystick-select;integration:c-calls-assembly;lang:assembly;lang:c;peripheral:joystick;peripheral:led;peripheral:timer;risk:debounce;risk:duplicates;risk:irq-shared-state;risk:operator-precedence;risk:secret-lifetime;risk:stack-balance;risk:state-transition;risk:timer-ownership;risk:zero-initialization;timing:free-running-seed;type:assembly-algorithm;type:c-board-integration,PAT-AAPCS-FOUR-ARGS-001;PAT-AAPCS-STACK-SAFETY-001;PAT-ALG-BITFIELD-001;PAT-ALG-CONSUME-ONCE-MATCH-001;PAT-ALG-FREQUENCY-COUNT-001;PAT-ALG-REDUCTION-001;PAT-GPIO-EVENT-001;PAT-GPIO-JOYSTICK-001;PAT-MEM-WORD-ARRAY-001;PAT-STATE-DEBOUNCE-001;PAT-STATE-EVENT-LOOP-001;PAT-STATE-IRQ-HANDOFF-001;PAT-TIMER-FREE-RUNNING-001;PAT-TIMER-OWNERSHIP-001
E2026-06-25-B2,2026-06-25,2026,ARM2,Exams/Exam 25.06.2206/20260625_ARM_2.pdf,b643106147d4a20efe44ea7d6d39f1ec8dfc44d76d1625114779893efacb7124,Study Material/03 - Solved Exams/2026-06-25_ARM2_Mastermind,2,assembly-algorithm;c-board-integration,bitfield-display;consume-once-matching;early-break;game-state-machine;mastermind;nested-search;timer-derived-secret,joystick;led;timer,joystick-directions;joystick-select,free-running-seed,four-two-bit-fields;four-word-arrays;used-marker-arrays,c-calls-assembly;callee-saved-registers;four-register-arguments,debounce;duplicates;irq-shared-state;operator-precedence;secret-lifetime;stack-balance;state-transition;timer-ownership;zero-initialization,Mastermind exact partial usedGuess usedSecret duplicate break encoded;Mastermind joystick select guess secret timer hexadecimal digits LEDs,abi:c-calls-assembly;abi:callee-saved-registers;abi:four-register-arguments;algorithm:bitfield-display;algorithm:consume-once-matching;algorithm:early-break;algorithm:game-state-machine;algorithm:mastermind;algorithm:nested-search;algorithm:timer-derived-secret;data:four-two-bit-fields;data:four-word-arrays;data:used-marker-arrays;event:joystick-directions;event:joystick-select;integration:c-calls-assembly;lang:assembly;lang:c;peripheral:joystick;peripheral:led;peripheral:timer;risk:debounce;risk:duplicates;risk:irq-shared-state;risk:operator-precedence;risk:secret-lifetime;risk:stack-balance;risk:state-transition;risk:timer-ownership;risk:zero-initialization;timing:free-running-seed;type:assembly-algorithm;type:c-board-integration,PAT-AAPCS-FOUR-ARGS-001;PAT-AAPCS-STACK-SAFETY-001;PAT-ALG-BITFIELD-001;PAT-ALG-CONSUME-ONCE-MATCH-001;PAT-ALG-FREQUENCY-COUNT-001;PAT-FLOW-EARLY-BREAK-001;PAT-FLOW-NESTED-LOOP-001;PAT-GPIO-EVENT-001;PAT-GPIO-JOYSTICK-001;PAT-MEM-WORD-ARRAY-001;PAT-STATE-DEBOUNCE-001;PAT-STATE-EVENT-LOOP-001;PAT-STATE-IRQ-HANDOFF-001;PAT-TIMER-FREE-RUNNING-001;PAT-TIMER-OWNERSHIP-001
