question_id,exam_id,question,delivery_mode,question_type,requirement,source_pdf,source_sha256,tags,algorithms,peripherals,events,timing,data_shapes,abi,risks,keywords,pattern_ids,simulator_status,hardware_status,physical_status
E2023-02-07-Q1,E2023-02-07,Q1,ASM,assembly-algorithm,"Copy signed byte values into a working array, then perform insertion sort while preserving signed ordering and array bounds.",Exams/22-23/20230207 arm.pdf,77929b413afda671274838630078b32bbebe1e643e1102a00412a7209879ce26,abi:callee-saved-registers;abi:non-leaf;algorithm:array-copy;algorithm:insertion-sort;data:read-only-input;data:signed-byte-array;data:writable-output;lang:assembly;risk:bounds;risk:signedness;risk:stack-balance;type:assembly-algorithm,array-copy;insertion-sort,,,,signed-byte-array;read-only-input;writable-output,non-leaf;callee-saved-registers,signedness;bounds;stack-balance,sort signed bytes copy array insertion stable,PAT-AAPCS-NONLEAF-001;PAT-AAPCS-STACK-SAFETY-001;PAT-ALG-SORTING-001;PAT-DATA-ASM-OBJECTS-001;PAT-FLOW-EARLY-BREAK-001;PAT-FLOW-NESTED-LOOP-001;PAT-MEM-BYTE-ARRAY-001,COMPILE_ONLY,COMPILE_ONLY,PHYSICAL_BOARD_NOT_TESTED
E2023-02-07-Q2,E2023-02-07,Q2,C + ASM call,c-board-integration,Use Timer1 as a free-running counter reset at 0xFF without an IRQ; INT0 captures array data and alternates LEDs 6/7; KEY1 invokes the assembly sort.,Exams/22-23/20230207 arm.pdf,77929b413afda671274838630078b32bbebe1e643e1102a00412a7209879ce26,abi:c-calls-assembly;algorithm:capture-and-sort;data:signed-byte-array;event:int0;event:key1;integration:c-calls-assembly;lang:assembly;lang:c;peripheral:buttons;peripheral:led;peripheral:timer1;risk:debounce;risk:irq-shared-state;risk:timer-ownership;risk:vector-ownership;timing:free-running;timing:reset-at-match-no-irq;type:c-board-integration,capture-and-sort,led;timer1;buttons,int0;key1,free-running;reset-at-match-no-irq,signed-byte-array,c-calls-assembly,debounce;irq-shared-state;timer-ownership;vector-ownership,timer seed counter 0xff LED6 LED7 external interrupt sort,PAT-GPIO-EVENT-001;PAT-STATE-DEBOUNCE-001;PAT-STATE-IRQ-HANDOFF-001;PAT-TIMER-FREE-RUNNING-001;PAT-TIMER-OWNERSHIP-001;PAT-TIMER-VECTOR-OWNERSHIP-001,COMPILE_ONLY,COMPILE_ONLY,PHYSICAL_BOARD_NOT_TESTED
E2023-02-24-Q1,E2023-02-24,Q1,ASM,assembly-algorithm,"Implement the Kaprekar digit transformation, including digit extraction, reordering, subtraction and repeated convergence logic.",Exams/22-23/20230224 arm.pdf,ebd2df9c75ec7e24bd6f76515a3b06cdfcec78b7e5aea7d33d977761fa0dc0a4,abi:callee-saved-registers;abi:non-leaf;algorithm:decimal-digits;algorithm:kaprekar;algorithm:recurrence;algorithm:sorting;data:digit-array;data:scalar;lang:assembly;risk:signedness;risk:stack-balance;risk:termination;type:assembly-algorithm,kaprekar;decimal-digits;sorting;recurrence,,,,scalar;digit-array,non-leaf;callee-saved-registers,signedness;termination;stack-balance,Kaprekar digits ascending descending subtraction convergence,PAT-AAPCS-NONLEAF-001;PAT-AAPCS-STACK-SAFETY-001;PAT-ALG-DECIMAL-DIGITS-001;PAT-ALG-RECURRENCE-001;PAT-ALG-SORTING-001;PAT-FLOW-NESTED-LOOP-001,COMPILE_ONLY,COMPILE_ONLY,PHYSICAL_BOARD_NOT_TESTED
E2023-02-24-Q2,E2023-02-24,Q2,ASM exception,assembly-exception,"Handle SVC #50, locate the correct exception stack frame, decode the SVC immediate from the instruction before stacked PC, repeatedly call the Kaprekar routine, and return the iteration count in R6.",Exams/22-23/20230224 arm.pdf,ebd2df9c75ec7e24bd6f76515a3b06cdfcec78b7e5aea7d33d977761fa0dc0a4,abi:callee-saved-registers;abi:exception-return;abi:non-leaf;algorithm:kaprekar-iteration;data:exception-frame;event:svc-50;integration:c-calls-assembly;lang:assembly;lang:c;risk:msp-vs-psp;risk:stack-balance;risk:svc-decode;type:assembly-exception,kaprekar-iteration,,svc-50,,exception-frame,non-leaf;exception-return;callee-saved-registers,msp-vs-psp;svc-decode;stack-balance,SVC 50 supervisor immediate stacked PC MSP PSP R6,PAT-AAPCS-NONLEAF-001;PAT-AAPCS-STACK-SAFETY-001;PAT-ALG-RECURRENCE-001;PAT-CPU-EXCEPTION-FRAME-001;PAT-CPU-SVC-001,COMPILE_ONLY,COMPILE_ONLY,PHYSICAL_BOARD_NOT_TESTED
E2023-05-17-Q1,E2023-05-17,Q1,ASM,assembly-algorithm,"Divide a signed 64-bit dividend by a signed 32-bit divisor without MUL, using sign normalization, a 64-bit shift/subtract loop, and quotient-bit construction.",Exams/22-23/20230517 arm.pdf,94a30856a4f9a56bb908dbab2def2de9fee9973a4471ac5111399a992509bbab,abi:callee-saved-registers;abi:two-register-wide-input;algorithm:signed-restoring-division;data:signed-32-bit;data:signed-64-bit;data:two-word-value;lang:assembly;risk:divide-by-zero;risk:overflow;risk:sign-normalization;risk:stack-balance;type:assembly-algorithm,signed-restoring-division,,,,signed-64-bit;two-word-value;signed-32-bit,two-register-wide-input;callee-saved-registers,divide-by-zero;sign-normalization;overflow;stack-balance,64 by 32 signed division restoring shift subtract no MUL quotient remainder,PAT-AAPCS-STACK-SAFETY-001;PAT-ALG-WIDE-DIVISION-001;PAT-CPU-FLAGS-001,COMPILE_ONLY,COMPILE_ONLY,PHYSICAL_BOARD_NOT_TESTED
E2023-05-17-Q2,E2023-05-17,Q2,ASM flags,assembly-flags,"Set or report the required N, Z, C and V status according to the division outcome using program-status-register operations.",Exams/22-23/20230517 arm.pdf,94a30856a4f9a56bb908dbab2def2de9fee9973a4471ac5111399a992509bbab,abi:flags-return-contract;algorithm:condition-flag-result;data:apsr-flags;lang:assembly;risk:nzcv-semantics;type:assembly-flags,condition-flag-result,,,,apsr-flags,flags-return-contract,nzcv-semantics,APSR CPSR N Z C V flags overflow carry,PAT-AAPCS-STACK-SAFETY-001;PAT-CPU-FLAGS-001,COMPILE_ONLY,COMPILE_ONLY,PHYSICAL_BOARD_NOT_TESTED
E2023-07-04-Q1,E2023-07-04,Q1,ASM,assembly-algorithm,"Compute aliquot sums and detect a sociable-number sequence using divisor tests, nested loops and subroutine calls.",Exams/22-23/20230704 arm.pdf,00b04fb9ee48348d35f760dc4be463f251c7e107e6fece712f732e2ce8e0a82c,abi:callee-saved-registers;abi:non-leaf;algorithm:aliquot-sum;algorithm:divisor-search;algorithm:recurrence;algorithm:sociable-sequence;data:word-array;lang:assembly;risk:division;risk:stack-balance;risk:termination;type:assembly-algorithm,aliquot-sum;sociable-sequence;divisor-search;recurrence,,,,word-array,non-leaf;callee-saved-registers,termination;division;stack-balance,sociable numbers aliquot proper divisors cycle,PAT-AAPCS-NONLEAF-001;PAT-AAPCS-STACK-SAFETY-001;PAT-ALG-PRIME-FACTORIZATION-001;PAT-ALG-RECURRENCE-001;PAT-FLOW-NESTED-LOOP-001;PAT-MEM-WORD-ARRAY-001,COMPILE_ONLY,COMPILE_ONLY,PHYSICAL_BOARD_NOT_TESTED
E2023-07-04-Q2,E2023-07-04,Q2,C + ASM call,c-board-integration,"Configure Timer1 for a two-second periodic event, advance a circular sequence array, call the assembly routine, and display the result on LEDs.",Exams/22-23/20230704 arm.pdf,00b04fb9ee48348d35f760dc4be463f251c7e107e6fece712f732e2ce8e0a82c,abi:c-calls-assembly;algorithm:circular-sequence;data:word-array;event:timer-interrupt;integration:c-calls-assembly;lang:assembly;lang:c;peripheral:led;peripheral:timer1;risk:irq-shared-state;risk:timer-ownership;timing:periodic-2-seconds;type:c-board-integration,circular-sequence,led;timer1,timer-interrupt,periodic-2-seconds,word-array,c-calls-assembly,irq-shared-state;timer-ownership,periodic timer circular array display assembly call,PAT-GPIO-EVENT-001;PAT-STATE-EVENT-LOOP-001;PAT-STATE-IRQ-HANDOFF-001;PAT-TIMER-OWNERSHIP-001;PAT-TIMER-PERIODIC-001,COMPILE_ONLY,COMPILE_ONLY,PHYSICAL_BOARD_NOT_TESTED
E2023-09-18-Q1,E2023-09-18,Q1,ASM,assembly-algorithm,Implement digitSum and digitaddition so one assembly subroutine calls another and reports arithmetic overflow correctly.,Exams/22-23/20230918 arm.pdf,2e6568d814b67ff734004e311accb982e610ba7544cdb5f1f91b324981b7846b,abi:callee-saved-registers;abi:non-leaf;algorithm:decimal-digits;algorithm:digit-addition;algorithm:digit-sum;data:digit-array;data:scalar;lang:assembly;risk:arithmetic-overflow;risk:stack-balance;type:assembly-algorithm,digit-sum;digit-addition;decimal-digits,,,,scalar;digit-array,non-leaf;callee-saved-registers,arithmetic-overflow;stack-balance,digitSum digitaddition decimal carry overflow nested BL,PAT-AAPCS-NONLEAF-001;PAT-AAPCS-STACK-SAFETY-001;PAT-ALG-DECIMAL-DIGITS-001;PAT-CPU-FLAGS-001,COMPILE_ONLY,COMPILE_ONLY,PHYSICAL_BOARD_NOT_TESTED
E2023-09-18-Q2,E2023-09-18,Q2,C + ASM call,c-board-integration,"Use KEY1 and KEY2 to build a binary value K, trigger processing from INT0, manage arrays, call assembly and show the comparison result on LEDs.",Exams/22-23/20230918 arm.pdf,2e6568d814b67ff734004e311accb982e610ba7544cdb5f1f91b324981b7846b,abi:c-calls-assembly;algorithm:array-comparison;algorithm:binary-value-construction;data:word-array;event:int0;event:key1;event:key2;integration:c-calls-assembly;lang:assembly;lang:c;peripheral:buttons;peripheral:led;risk:debounce;risk:irq-shared-state;type:c-board-integration,binary-value-construction;array-comparison,led;buttons,int0;key1;key2,,word-array,c-calls-assembly,debounce;irq-shared-state,KEY1 KEY2 INT0 binary K arrays compare LEDs,PAT-GPIO-EVENT-001;PAT-MEM-WORD-ARRAY-001;PAT-STATE-DEBOUNCE-001;PAT-STATE-EVENT-LOOP-001;PAT-STATE-IRQ-HANDOFF-001,COMPILE_ONLY,COMPILE_ONLY,PHYSICAL_BOARD_NOT_TESTED
E2024-02-12-Q1,E2024-02-12,Q1,ASM,assembly-algorithm,Solve a two-dimensional byte maze by repeatedly propagating reachable distances until the destination is reached or no progress remains.,Exams/23-24/20240212 arm.pdf,857211aa08989b7cd8e4630443c80fe33a4ad8e94d34a17636626deac8230ede,abi:callee-saved-registers;algorithm:flood-fill;algorithm:graph-search;algorithm:maze-propagation;data:byte-matrix;data:row-major;lang:assembly;risk:bounds;risk:no-progress-termination;risk:stack-balance;type:assembly-algorithm,maze-propagation;flood-fill;graph-search,,,,byte-matrix;row-major,callee-saved-registers,bounds;no-progress-termination;stack-balance,maze wavefront propagation reachable distance walls destination,PAT-AAPCS-STACK-SAFETY-001;PAT-ALG-FLOOD-FILL-001;PAT-ALG-GRAPH-SEARCH-001;PAT-FLOW-EARLY-BREAK-001;PAT-FLOW-NESTED-LOOP-001;PAT-MEM-BYTE-ARRAY-001;PAT-MEM-MATRIX-ROW-MAJOR-001,COMPILE_ONLY,COMPILE_ONLY,PHYSICAL_BOARD_NOT_TESTED
E2024-02-12-Q2,E2024-02-12,Q2,C + ASM call,c-board-integration,"Generate a random maze with an LCG seeded from a free-running Timer0, start from KEY2, fill the byte matrix safely, and call the assembly solver.",Exams/23-24/20240212 arm.pdf,857211aa08989b7cd8e4630443c80fe33a4ad8e94d34a17636626deac8230ede,abi:c-calls-assembly;algorithm:lcg;algorithm:maze-generation;data:byte-matrix;data:row-major;event:key2;integration:c-calls-assembly;lang:assembly;lang:c;peripheral:buttons;peripheral:led;peripheral:timer0;risk:bounds;risk:debounce;risk:irq-shared-state;risk:timer-ownership;timing:free-running-seed;type:c-board-integration,lcg;maze-generation,led;timer0;buttons,key2,free-running-seed,byte-matrix;row-major,c-calls-assembly,debounce;bounds;irq-shared-state;timer-ownership,random maze LCG Timer0 seed KEY2 matrix solver,PAT-ALG-LCG-001;PAT-GPIO-EVENT-001;PAT-MEM-BYTE-ARRAY-001;PAT-MEM-MATRIX-ROW-MAJOR-001;PAT-STATE-DEBOUNCE-001;PAT-STATE-IRQ-HANDOFF-001;PAT-TIMER-FREE-RUNNING-001;PAT-TIMER-OWNERSHIP-001,COMPILE_ONLY,COMPILE_ONLY,PHYSICAL_BOARD_NOT_TESTED
E2024-02-28-Q1,E2024-02-28,Q1,ASM,assembly-algorithm,"Compute a shortest path through a two-dimensional byte maze while respecting walls, bounds and distance updates.",Exams/23-24/20240228 arm.pdf,772f6c10718ce63a360fd71027fbfce97bacac7b86829e48cf4bd3763d966783,abi:callee-saved-registers;algorithm:maze-propagation;algorithm:unweighted-shortest-path;data:byte-matrix;data:row-major;lang:assembly;risk:bounds;risk:stack-balance;risk:unreachable-destination;type:assembly-algorithm,unweighted-shortest-path;maze-propagation,,,,byte-matrix;row-major,callee-saved-registers,bounds;unreachable-destination;stack-balance,shortest path maze distance walls wavefront,PAT-AAPCS-STACK-SAFETY-001;PAT-ALG-FLOOD-FILL-001;PAT-ALG-GRAPH-SEARCH-001;PAT-FLOW-NESTED-LOOP-001;PAT-MEM-BYTE-ARRAY-001;PAT-MEM-MATRIX-ROW-MAJOR-001,COMPILE_ONLY,COMPILE_ONLY,PHYSICAL_BOARD_NOT_TESTED
E2024-02-28-Q2,E2024-02-28,Q2,C,c-board-state-machine,Configure a timer for a 0.5-second sequence and move an LED indication through the required states without losing events.,Exams/23-24/20240228 arm.pdf,772f6c10718ce63a360fd71027fbfce97bacac7b86829e48cf4bd3763d966783,abi:callback;algorithm:led-sequence;event:timer-interrupt;lang:c;peripheral:led;peripheral:timer;risk:irq-shared-state;risk:lost-events;risk:timer-ownership;timing:periodic-500-ms;type:c-board-state-machine,led-sequence,led;timer,timer-interrupt,periodic-500-ms,,callback,irq-shared-state;timer-ownership;lost-events,0.5 second periodic LED sequence states,PAT-GPIO-EVENT-001;PAT-STATE-EVENT-LOOP-001;PAT-STATE-IRQ-HANDOFF-001;PAT-TIMER-OWNERSHIP-001;PAT-TIMER-PERIODIC-001,COMPILE_ONLY,COMPILE_ONLY,PHYSICAL_BOARD_NOT_TESTED
E2024-07-09-Q1,E2024-07-09,Q1,ASM,assembly-algorithm,"Solve a maze with depth-first search using an explicit stack, four parameters and a nested call to chooseNeighbor.",Exams/23-24/20240709 arm.pdf,072489aedf62543620d5bb60295fb085204bae358d5316fb342c1150475a9a98,abi:callee-saved-registers;abi:four-register-arguments;abi:non-leaf;algorithm:depth-first-search;algorithm:explicit-stack;algorithm:maze;data:byte-matrix;data:explicit-stack;data:row-major;lang:assembly;risk:bounds;risk:stack-balance;risk:stack-capacity;type:assembly-algorithm,depth-first-search;explicit-stack;maze,,,,byte-matrix;row-major;explicit-stack,four-register-arguments;non-leaf;callee-saved-registers,stack-capacity;bounds;stack-balance,DFS chooseNeighbor explicit stack maze four parameters,PAT-AAPCS-FOUR-ARGS-001;PAT-AAPCS-NONLEAF-001;PAT-AAPCS-STACK-SAFETY-001;PAT-ALG-DFS-STACK-001;PAT-ALG-GRAPH-SEARCH-001;PAT-DS-STACK-001;PAT-MEM-BYTE-ARRAY-001;PAT-MEM-MATRIX-ROW-MAJOR-001,COMPILE_ONLY,COMPILE_ONLY,PHYSICAL_BOARD_NOT_TESTED
E2024-07-09-Q2,E2024-07-09,Q2,ASM startup/exception,assembly-startup-exception,"Configure SysTick directly in Reset_Handler, collect available moves, choose one using modulo arithmetic, and keep the stack balanced across all branches.",Exams/23-24/20240709 arm.pdf,072489aedf62543620d5bb60295fb085204bae358d5316fb342c1150475a9a98,abi:non-leaf;abi:reset-handler;algorithm:available-moves;algorithm:modulo-selection;data:byte-matrix;data:candidate-array;event:systick-interrupt;integration:c-calls-assembly;lang:assembly;lang:c;peripheral:systick;risk:direct-register-setup;risk:stack-balance;risk:vector-ownership;timing:periodic;type:assembly-startup-exception,available-moves;modulo-selection,systick,systick-interrupt,periodic,byte-matrix;candidate-array,reset-handler;non-leaf,direct-register-setup;stack-balance;vector-ownership,Reset_Handler SysTick available moves modulo choose neighbor,PAT-AAPCS-NONLEAF-001;PAT-AAPCS-STACK-SAFETY-001;PAT-MEM-BYTE-ARRAY-001;PAT-TIMER-PERIODIC-001;PAT-TIMER-VECTOR-OWNERSHIP-001,COMPILE_ONLY,COMPILE_ONLY,PHYSICAL_BOARD_NOT_TESTED
E2024-09-16-Q1,E2024-09-16,Q1,ASM,assembly-algorithm,"Implement the Kruskal-style maze operation across three arrays with seven parameters, including min/max selection, component replacement and row-major access.",Exams/23-24/20240916 arm.pdf,bbadd5254928052d8fdf6f824af902ed80a57c58adbb8028e7ec666d2935e3c1,abi:callee-saved-registers;abi:non-leaf;abi:seven-arguments;abi:stacked-arguments;algorithm:component-label-merge;algorithm:kruskal;algorithm:min-max-reduction;data:row-major;data:three-word-arrays;lang:assembly;risk:bounds;risk:stack-balance;risk:stacked-offsets;type:assembly-algorithm,kruskal;component-label-merge;min-max-reduction,,,,three-word-arrays;row-major,seven-arguments;stacked-arguments;non-leaf;callee-saved-registers,stacked-offsets;bounds;stack-balance,Kruskal MST component replacement seven parameters min max,PAT-AAPCS-FOUR-ARGS-001;PAT-AAPCS-NONLEAF-001;PAT-AAPCS-STACK-SAFETY-001;PAT-AAPCS-STACKED-ARGS-001;PAT-ALG-COMPONENT-MERGE-001;PAT-ALG-GRAPH-SEARCH-001;PAT-ALG-REDUCTION-001;PAT-DS-UNION-FIND-001;PAT-FLOW-NESTED-LOOP-001;PAT-MEM-MATRIX-ROW-MAJOR-001;PAT-MEM-WORD-ARRAY-001,COMPILE_ONLY,COMPILE_ONLY,PHYSICAL_BOARD_NOT_TESTED
E2024-09-16-Q2,E2024-09-16,Q2,C,c-board-state-machine,Implement a two-button state machine that increments a value and applies the required offset while handling event order and button behavior.,Exams/23-24/20240916 arm.pdf,bbadd5254928052d8fdf6f824af902ed80a57c58adbb8028e7ec666d2935e3c1,abi:callback;algorithm:button-ordered-offset;event:int0;event:key1;event:key2;lang:c;peripheral:buttons;peripheral:led;risk:debounce;risk:event-order;risk:irq-shared-state;type:c-board-state-machine,button-ordered-offset,led;buttons,int0;key1;key2,,,callback,debounce;event-order;irq-shared-state,two button state machine increment offset event order,PAT-GPIO-EVENT-001;PAT-STATE-DEBOUNCE-001;PAT-STATE-EVENT-LOOP-001;PAT-STATE-IRQ-HANDOFF-001,COMPILE_ONLY,COMPILE_ONLY,PHYSICAL_BOARD_NOT_TESTED
E2025-01-29-A1-Q1,E2025-01-29-A1,Q1,ASM,assembly-algorithm,Apply the requested bitwise affine transformation to a packed 8x8 binary matrix while preserving the specified bit and row order.,Exams/24-25/2025_01_29/20250129_ARM1.pdf,81b1160be1d5b7aa4520486427166188d838607a3f22089c7b04734b3dad4575,abi:callee-saved-registers;algorithm:bitwise-affine-transform;algorithm:packed-matrix;data:byte-array;data:packed-8x8-bit-matrix;lang:assembly;risk:bit-order;risk:bounds;risk:row-order;risk:stack-balance;type:assembly-algorithm,bitwise-affine-transform;packed-matrix,,,,packed-8x8-bit-matrix;byte-array,callee-saved-registers,bit-order;row-order;bounds;stack-balance,affine bit matrix packed 8x8 masks shifts,PAT-AAPCS-STACK-SAFETY-001;PAT-ALG-BITFIELD-001;PAT-FLOW-NESTED-LOOP-001;PAT-MEM-BYTE-ARRAY-001;PAT-MEM-MATRIX-ROW-MAJOR-001,COMPILE_ONLY,COMPILE_ONLY,PHYSICAL_BOARD_NOT_TESTED
E2025-01-29-A1-Q2,E2025-01-29-A1,Q2,C + ASM call,c-board-integration,Run Timer1 freely with reset at 0xFFFF and no IRQ; INT0 collects bytes and XORs/displays them; KEY1 calls the assembly transform; Timer0 blinks rows with a 0.5-second full period.,Exams/24-25/2025_01_29/20250129_ARM1.pdf,81b1160be1d5b7aa4520486427166188d838607a3f22089c7b04734b3dad4575,abi:c-calls-assembly;algorithm:byte-capture;algorithm:row-display;algorithm:xor;data:byte-array;data:packed-8x8-bit-matrix;event:int0;event:key1;event:timer0-interrupt;integration:c-calls-assembly;lang:assembly;lang:c;peripheral:buttons;peripheral:led;peripheral:timer0;peripheral:timer1;risk:debounce;risk:irq-shared-state;risk:timer-ownership;timing:free-running;timing:periodic-500-ms-full-cycle;type:c-board-integration,byte-capture;xor;row-display,led;timer0;timer1;buttons,int0;key1;timer0-interrupt,free-running;periodic-500-ms-full-cycle,byte-array;packed-8x8-bit-matrix,c-calls-assembly,debounce;irq-shared-state;timer-ownership,Timer1 0xffff free counter Timer0 blink rows XOR INT0 KEY1,PAT-GPIO-EVENT-001;PAT-MEM-BYTE-ARRAY-001;PAT-STATE-DEBOUNCE-001;PAT-STATE-IRQ-HANDOFF-001;PAT-TIMER-FREE-RUNNING-001;PAT-TIMER-OWNERSHIP-001;PAT-TIMER-PERIODIC-001,COMPILE_ONLY,COMPILE_ONLY,PHYSICAL_BOARD_NOT_TESTED
E2025-01-29-A2-Q1,E2025-01-29-A2,Q1,ASM,assembly-algorithm,Multiply two packed binary matrices using bit-level dot products and store the packed result with the required orientation.,Exams/24-25/2025_01_29/20250129_ARM2.pdf,af077d82dca1acfbbac322ee1774a4d6c4ec796d42721c073e0b0fc20543e50b,abi:callee-saved-registers;algorithm:binary-matrix-multiplication;algorithm:bit-dot-product;data:byte-array;data:packed-8x8-bit-matrix;lang:assembly;risk:bit-order;risk:bounds;risk:stack-balance;type:assembly-algorithm,binary-matrix-multiplication;bit-dot-product,,,,packed-8x8-bit-matrix;byte-array,callee-saved-registers,bit-order;bounds;stack-balance,packed binary matrix multiplication GF2 bit dot product,PAT-AAPCS-STACK-SAFETY-001;PAT-ALG-BITFIELD-001;PAT-ALG-PACKED-MATMUL-001;PAT-FLOW-EARLY-BREAK-001;PAT-FLOW-NESTED-LOOP-001;PAT-MEM-BYTE-ARRAY-001;PAT-MEM-MATRIX-ROW-MAJOR-001,COMPILE_ONLY,COMPILE_ONLY,PHYSICAL_BOARD_NOT_TESTED
E2025-01-29-A2-Q2,E2025-01-29-A2,Q2,C + ASM call,c-board-integration,Use the specified free-running timer and interrupts to fill matrices A and B; invoke multiplication on KEY1; display result rows on LEDs every 0.5 seconds.,Exams/24-25/2025_01_29/20250129_ARM2.pdf,af077d82dca1acfbbac322ee1774a4d6c4ec796d42721c073e0b0fc20543e50b,abi:c-calls-assembly;algorithm:matrix-capture;algorithm:row-display;data:output-matrix;data:two-packed-matrices;event:int0;event:key1;event:timer0-interrupt;integration:c-calls-assembly;lang:assembly;lang:c;peripheral:buttons;peripheral:led;peripheral:timer0;peripheral:timer1;risk:debounce;risk:irq-shared-state;risk:timer-ownership;timing:free-running;timing:periodic-500-ms;type:c-board-integration,matrix-capture;row-display,led;timer0;timer1;buttons,int0;key1;timer0-interrupt,free-running;periodic-500-ms,two-packed-matrices;output-matrix,c-calls-assembly,debounce;irq-shared-state;timer-ownership,fill matrices A B free timer multiply display rows,PAT-GPIO-EVENT-001;PAT-MEM-BYTE-ARRAY-001;PAT-MEM-MATRIX-ROW-MAJOR-001;PAT-STATE-DEBOUNCE-001;PAT-STATE-IRQ-HANDOFF-001;PAT-TIMER-FREE-RUNNING-001;PAT-TIMER-OWNERSHIP-001;PAT-TIMER-PERIODIC-001,COMPILE_ONLY,COMPILE_ONLY,PHYSICAL_BOARD_NOT_TESTED
E2025-01-29-A3-Q1,E2025-01-29-A3,Q1,ASM,assembly-algorithm,Transpose a packed binary matrix by exchanging row/column bit coordinates without corrupting unrelated bits.,Exams/24-25/2025_01_29/20250129_ARM3.pdf,761ce33d98721985812e9dac30fedd846893bfc2ccbc7b16513615d24cde2a6e,abi:callee-saved-registers;abi:two-pointer-arguments;algorithm:packed-matrix-transpose;data:byte-array;data:packed-8x8-bit-matrix;data:read-only-input;data:writable-output;lang:assembly;risk:bounds;risk:msb-first-bit-order;risk:stack-balance;type:assembly-algorithm,packed-matrix-transpose,,,,packed-8x8-bit-matrix;byte-array;read-only-input;writable-output,two-pointer-arguments;callee-saved-registers,msb-first-bit-order;bounds;stack-balance,transpose AT bit matrix 8 bytes DCB READONLY READWRITE,PAT-AAPCS-STACK-SAFETY-001;PAT-ALG-BITFIELD-001;PAT-DATA-ASM-OBJECTS-001;PAT-FLOW-NESTED-LOOP-001;PAT-MEM-BYTE-ARRAY-001;PAT-MEM-MATRIX-ROW-MAJOR-001;PAT-MEM-PACKED-TRANSPOSE-001,COMPILE_ONLY,COMPILE_ONLY,PHYSICAL_BOARD_NOT_TESTED
E2025-01-29-A3-Q2,E2025-01-29-A3,Q2,C + ASM call,c-board-integration,"Use Timer2 and KEY1/KEY2 to fill arrays, then use INT0 to verify the requested algebraic property and display pass/fail on LEDs.",Exams/24-25/2025_01_29/20250129_ARM3.pdf,761ce33d98721985812e9dac30fedd846893bfc2ccbc7b16513615d24cde2a6e,abi:c-calls-assembly-three-times;algorithm:array-capture;algorithm:xor-equivalence;data:five-byte-arrays;data:packed-8x8-bit-matrices;event:int0;event:key1;event:key2;integration:c-calls-assembly;lang:assembly;lang:c;peripheral:buttons;peripheral:led;peripheral:timer2;risk:bounds;risk:debounce;risk:irq-shared-state;risk:timer-ownership;timing:free-running-reset-at-0xffff-no-irq;type:c-board-integration,array-capture;xor-equivalence,led;timer2;buttons,int0;key1;key2,free-running-reset-at-0xffff-no-irq,five-byte-arrays;packed-8x8-bit-matrices,c-calls-assembly-three-times,debounce;bounds;irq-shared-state;timer-ownership,A XOR B transpose equivalence Timer2 arrays LEDs 4 5,PAT-GPIO-EVENT-001;PAT-MEM-BYTE-ARRAY-001;PAT-MEM-PACKED-TRANSPOSE-001;PAT-STATE-DEBOUNCE-001;PAT-STATE-IRQ-HANDOFF-001;PAT-TIMER-FREE-RUNNING-001;PAT-TIMER-OWNERSHIP-001,COMPILE_ONLY,COMPILE_ONLY,PHYSICAL_BOARD_NOT_TESTED
E2025-02-12-A1-Q1,E2025-02-12-A1,Q1,ASM,assembly-algorithm,"Generate sine values with the stated Maclaurin/fixed-point recurrence, maintaining scale, signs, loop limits and array storage.",Exams/24-25/2025_02_12/20250212_ARM1.pdf,04bdc71658fd0d480ff738ea259fb791ea48991a1e45b2f4d8ec082de65a597f,abi:callee-saved-registers;abi:non-leaf;algorithm:fixed-point-recurrence;algorithm:sine-maclaurin;data:sample-table;data:signed-word-array;lang:assembly;risk:bounds;risk:fixed-point-scale;risk:overflow;risk:signedness;risk:stack-balance;type:assembly-algorithm,sine-maclaurin;fixed-point-recurrence,,,,signed-word-array;sample-table,non-leaf;callee-saved-registers,fixed-point-scale;signedness;overflow;bounds;stack-balance,sine Maclaurin fixed point recurrence 45 samples,PAT-AAPCS-NONLEAF-001;PAT-AAPCS-STACK-SAFETY-001;PAT-ALG-FIXED-POINT-001;PAT-ALG-RECURRENCE-001;PAT-MEM-WORD-ARRAY-001,COMPILE_ONLY,COMPILE_ONLY,PHYSICAL_BOARD_NOT_TESTED
E2025-02-12-A1-Q2,E2025-02-12-A1,Q2,C + ASM call,c-board-integration,"On INT0, call the assembly generator for sineValues[45]; configure Timer0 every 1263 cycles and stream the samples to the DAC; no debouncing is required.",Exams/24-25/2025_02_12/20250212_ARM1.pdf,04bdc71658fd0d480ff738ea259fb791ea48991a1e45b2f4d8ec082de65a597f,abi:c-calls-assembly;algorithm:sample-streaming;algorithm:waveform-generation;data:sine-table-45;event:int0;event:timer0-interrupt;integration:c-calls-assembly;lang:assembly;lang:c;peripheral:buttons;peripheral:dac;peripheral:speaker;peripheral:timer0;risk:irq-shared-state;risk:sample-bounds;risk:timer-ownership;timing:periodic-1263-cycles;type:c-board-integration,waveform-generation;sample-streaming,dac;timer0;buttons;speaker,int0;timer0-interrupt,periodic-1263-cycles,sine-table-45,c-calls-assembly,irq-shared-state;timer-ownership;sample-bounds,INT0 no debounce Timer0 1263 cycles DAC sineValues 45,PAT-DAC-STREAM-001;PAT-GPIO-EVENT-001;PAT-STATE-IRQ-HANDOFF-001;PAT-TIMER-OWNERSHIP-001;PAT-TIMER-PERIODIC-001,COMPILE_ONLY,COMPILE_ONLY,PHYSICAL_BOARD_NOT_TESTED
E2025-02-12-A2-Q1,E2025-02-12-A2,Q1,ASM,assembly-algorithm,"Generate cosine values with the required fixed-point recurrence, scale and array bounds.",Exams/24-25/2025_02_12/20250212_ARM2.pdf,6260e7e253a7ddd3c5e186b84f08ef3366e0f4d062501001dadd1abb872a8b10,abi:callee-saved-registers;abi:non-leaf;algorithm:cosine-maclaurin;algorithm:fixed-point-recurrence;data:sample-table;data:signed-word-array;lang:assembly;risk:bounds;risk:fixed-point-scale;risk:overflow;risk:signedness;risk:stack-balance;type:assembly-algorithm,cosine-maclaurin;fixed-point-recurrence,,,,signed-word-array;sample-table,non-leaf;callee-saved-registers,fixed-point-scale;signedness;overflow;bounds;stack-balance,cosine Maclaurin fixed point recurrence samples,PAT-AAPCS-NONLEAF-001;PAT-AAPCS-STACK-SAFETY-001;PAT-ALG-FIXED-POINT-001;PAT-ALG-RECURRENCE-001;PAT-MEM-WORD-ARRAY-001,COMPILE_ONLY,COMPILE_ONLY,PHYSICAL_BOARD_NOT_TESTED
E2025-02-12-A2-Q2,E2025-02-12-A2,Q2,C + ASM call,c-board-integration,"Use KEY1 to generate the waveform, configure Timer1 every 1592 cycles, and stream the table through the DAC according to the stated trigger behavior.",Exams/24-25/2025_02_12/20250212_ARM2.pdf,6260e7e253a7ddd3c5e186b84f08ef3366e0f4d062501001dadd1abb872a8b10,abi:c-calls-assembly;algorithm:sample-streaming;algorithm:waveform-generation;data:cosine-table;event:key1;event:timer1-interrupt;integration:c-calls-assembly;lang:assembly;lang:c;peripheral:buttons;peripheral:dac;peripheral:speaker;peripheral:timer1;risk:debounce;risk:irq-shared-state;risk:sample-bounds;risk:timer-ownership;timing:periodic-1592-cycles;type:c-board-integration,waveform-generation;sample-streaming,dac;timer1;buttons;speaker,key1;timer1-interrupt,periodic-1592-cycles,cosine-table,c-calls-assembly,debounce;irq-shared-state;timer-ownership;sample-bounds,KEY1 Timer1 1592 cycles DAC cosine waveform,PAT-DAC-STREAM-001;PAT-GPIO-EVENT-001;PAT-STATE-DEBOUNCE-001;PAT-STATE-IRQ-HANDOFF-001;PAT-TIMER-OWNERSHIP-001;PAT-TIMER-PERIODIC-001,COMPILE_ONLY,COMPILE_ONLY,PHYSICAL_BOARD_NOT_TESTED
E2025-07-01-A1-Q1,E2025-07-01-A1,Q1,ASM,assembly-algorithm,Implement the requested linear congruential generator with five parameters and correct unsigned wraparound/modulo behavior.,Exams/24-25/2025_07_01/ARM1.pdf,62e6a6f5101df35128b299c565c82f3338a8474dfb83b30e87efb2916a401843,abi:callee-saved-registers;abi:five-arguments;abi:stacked-argument;algorithm:linear-congruential-generator;algorithm:modulo;data:unsigned-word-state;lang:assembly;risk:divide-by-zero;risk:stack-balance;risk:stacked-offset;risk:unsigned-wrap;type:assembly-algorithm,linear-congruential-generator;modulo,,,,unsigned-word-state,five-arguments;stacked-argument;callee-saved-registers,unsigned-wrap;divide-by-zero;stacked-offset;stack-balance,LCG five parameters modulo unsigned wrap,PAT-AAPCS-STACK-SAFETY-001;PAT-AAPCS-STACKED-ARGS-001;PAT-ALG-LCG-001,COMPILE_ONLY,COMPILE_ONLY,PHYSICAL_BOARD_NOT_TESTED
E2025-07-01-A1-Q2,E2025-07-01-A1,Q2,ASM startup,assembly-startup,Call the LCG repeatedly from Reset_Handler and maintain the required sequence/state without violating startup or call conventions.,Exams/24-25/2025_07_01/ARM1.pdf,62e6a6f5101df35128b299c565c82f3338a8474dfb83b30e87efb2916a401843,abi:five-arguments;abi:non-leaf;abi:reset-handler;algorithm:lcg-sequence;algorithm:recurrence;data:persistent-state;data:word-array;lang:assembly;risk:non-returning-loop;risk:stack-alignment;risk:stacked-arguments;type:assembly-startup,lcg-sequence;recurrence,,,,word-array;persistent-state,reset-handler;non-leaf;five-arguments,stack-alignment;stacked-arguments;non-returning-loop,Reset_Handler call LCG sequence startup persistent,PAT-AAPCS-NONLEAF-001;PAT-AAPCS-STACK-SAFETY-001;PAT-AAPCS-STACKED-ARGS-001;PAT-ALG-LCG-001;PAT-ALG-RECURRENCE-001;PAT-MEM-WORD-ARRAY-001,COMPILE_ONLY,COMPILE_ONLY,PHYSICAL_BOARD_NOT_TESTED
E2025-07-01-A1-Q3,E2025-07-01-A1,Q3,C,c-board-state-machine,Use Timer0 for a three-second LED sequence and accept only the joystick's first movement for the rhythm-game state transition.,Exams/24-25/2025_07_01/ARM1.pdf,62e6a6f5101df35128b299c565c82f3338a8474dfb83b30e87efb2916a401843,abi:callback;algorithm:first-input-only;algorithm:rhythm-game;event:joystick-first-movement;event:timer0-interrupt;lang:c;peripheral:joystick;peripheral:led;peripheral:timer0;risk:debounce;risk:first-event-latching;risk:irq-shared-state;risk:timer-ownership;timing:periodic-3-seconds;type:c-board-state-machine,rhythm-game;first-input-only,led;timer0;joystick,joystick-first-movement;timer0-interrupt,periodic-3-seconds,,callback,debounce;first-event-latching;irq-shared-state;timer-ownership,rhythm game first joystick movement Timer0 three seconds,PAT-GPIO-EVENT-001;PAT-GPIO-JOYSTICK-001;PAT-STATE-DEBOUNCE-001;PAT-STATE-EVENT-LOOP-001;PAT-STATE-IRQ-HANDOFF-001;PAT-TIMER-OWNERSHIP-001;PAT-TIMER-PERIODIC-001,COMPILE_ONLY,COMPILE_ONLY,PHYSICAL_BOARD_NOT_TESTED
E2025-07-01-A2-Q1,E2025-07-01-A2,Q1,ASM,assembly-algorithm,"Implement the variant LCG with its shift operation and five-argument interface, preserving the specified arithmetic order.",Exams/24-25/2025_07_01/ARM2.pdf,61b5bc6866d95a1ce17fd0356cb661d342641945037f71924afc4050cfba1e81,abi:callee-saved-registers;abi:five-arguments;abi:stacked-argument;algorithm:linear-congruential-generator;algorithm:modulo;algorithm:shift;data:unsigned-word-state;lang:assembly;risk:shift-range;risk:stack-balance;risk:stacked-offset;risk:unsigned-wrap;type:assembly-algorithm,linear-congruential-generator;modulo;shift,,,,unsigned-word-state,five-arguments;stacked-argument;callee-saved-registers,unsigned-wrap;shift-range;stacked-offset;stack-balance,LCG shift five parameters modulo unsigned,PAT-AAPCS-STACK-SAFETY-001;PAT-AAPCS-STACKED-ARGS-001;PAT-ALG-BITFIELD-001;PAT-ALG-LCG-001,COMPILE_ONLY,COMPILE_ONLY,PHYSICAL_BOARD_NOT_TESTED
E2025-07-01-A2-Q2,E2025-07-01-A2,Q2,ASM startup,assembly-startup,Drive the variant generator from Reset_Handler with correct argument construction and persistent loop state.,Exams/24-25/2025_07_01/ARM2.pdf,61b5bc6866d95a1ce17fd0356cb661d342641945037f71924afc4050cfba1e81,abi:five-arguments;abi:non-leaf;abi:reset-handler;algorithm:lcg-sequence;algorithm:recurrence;algorithm:shift;data:persistent-state;data:word-array;lang:assembly;risk:non-returning-loop;risk:stack-alignment;risk:stacked-arguments;type:assembly-startup,lcg-sequence;recurrence;shift,,,,word-array;persistent-state,reset-handler;non-leaf;five-arguments,stack-alignment;stacked-arguments;non-returning-loop,Reset_Handler LCG shifted sequence startup,PAT-AAPCS-NONLEAF-001;PAT-AAPCS-STACK-SAFETY-001;PAT-AAPCS-STACKED-ARGS-001;PAT-ALG-LCG-001;PAT-ALG-RECURRENCE-001;PAT-MEM-WORD-ARRAY-001,COMPILE_ONLY,COMPILE_ONLY,PHYSICAL_BOARD_NOT_TESTED
E2025-07-01-A2-Q3,E2025-07-01-A2,Q3,C,c-board-state-machine,Use Timer1 for a 2.5-second LED sequence and process only the joystick's first movement in the game logic.,Exams/24-25/2025_07_01/ARM2.pdf,61b5bc6866d95a1ce17fd0356cb661d342641945037f71924afc4050cfba1e81,abi:callback;algorithm:first-input-only;algorithm:rhythm-game;event:joystick-first-movement;event:timer1-interrupt;lang:c;peripheral:joystick;peripheral:led;peripheral:timer1;risk:debounce;risk:first-event-latching;risk:irq-shared-state;risk:timer-ownership;timing:periodic-2.5-seconds;type:c-board-state-machine,rhythm-game;first-input-only,led;timer1;joystick,joystick-first-movement;timer1-interrupt,periodic-2.5-seconds,,callback,debounce;first-event-latching;irq-shared-state;timer-ownership,rhythm game first joystick movement Timer1 2.5 seconds,PAT-GPIO-EVENT-001;PAT-GPIO-JOYSTICK-001;PAT-STATE-DEBOUNCE-001;PAT-STATE-EVENT-LOOP-001;PAT-STATE-IRQ-HANDOFF-001;PAT-TIMER-OWNERSHIP-001;PAT-TIMER-PERIODIC-001,COMPILE_ONLY,COMPILE_ONLY,PHYSICAL_BOARD_NOT_TESTED
E2026-02-03-A1-Q1,E2026-02-03-A1,Q1,ASM,assembly-algorithm,"Generate the Look-and-Say sequence in the required digit representation, grouping equal runs and writing count/value pairs without overrunning the output buffer.",Exams/Exam 03.02.2026/20260203_ARM_1.pdf,4d1f2a9349357a96f0785b83bf347553e73bcd551ccac6d4086dbe5a545488f4,abi:callee-saved-registers;abi:non-leaf;algorithm:bounded-output;algorithm:look-and-say;algorithm:run-grouping;data:digit-byte-array;data:output-buffer;lang:assembly;risk:bounds;risk:capacity;risk:final-run;risk:stack-balance;type:assembly-algorithm,look-and-say;run-grouping;bounded-output,,,,digit-byte-array;output-buffer,non-leaf;callee-saved-registers,capacity;final-run;bounds;stack-balance,Look-and-Say count value pairs output capacity digits,PAT-AAPCS-NONLEAF-001;PAT-AAPCS-STACK-SAFETY-001;PAT-ALG-LOOK-AND-SAY-001;PAT-ALG-RUN-LENGTH-001;PAT-FLOW-NESTED-LOOP-001;PAT-MEM-BYTE-ARRAY-001,COMPILE_ONLY,COMPILE_ONLY,PHYSICAL_BOARD_NOT_TESTED
E2026-02-03-A1-Q2,E2026-02-03-A1,Q2,C + ASM call,c-board-integration,"Read the potentiometer through ADC, show the top eight bits on LEDs, and on INT0 call the assembly routine with physical debouncing enabled.",Exams/Exam 03.02.2026/20260203_ARM_1.pdf,4d1f2a9349357a96f0785b83bf347553e73bcd551ccac6d4086dbe5a545488f4,abi:c-calls-assembly;algorithm:adc-display;algorithm:sequence-generation;data:adc-12-bit;data:byte-array;event:adc-complete;event:int0;integration:c-calls-assembly;lang:assembly;lang:c;peripheral:adc;peripheral:buttons;peripheral:led;peripheral:potentiometer;risk:adc-channel;risk:bounds;risk:debounce;risk:irq-shared-state;type:c-board-integration,adc-display;sequence-generation,adc;potentiometer;led;buttons,int0;adc-complete,,adc-12-bit;byte-array,c-calls-assembly,debounce;irq-shared-state;adc-channel;bounds,potentiometer ADC channel 5 high eight bits INT0 look say,PAT-ADC-SAMPLE-001;PAT-GPIO-EVENT-001;PAT-MEM-BYTE-ARRAY-001;PAT-STATE-DEBOUNCE-001;PAT-STATE-EVENT-LOOP-001;PAT-STATE-IRQ-HANDOFF-001,COMPILE_ONLY,COMPILE_ONLY,PHYSICAL_BOARD_NOT_TESTED
E2026-02-03-A2-Q1,E2026-02-03-A2,Q1,ASM,assembly-algorithm,"Run-length encode the digit array into the required count/value format, including final-run handling and output length.",Exams/Exam 03.02.2026/20260203_ARM_2.pdf,ecc909cda345d5f4bbd6c6978f0417a8921c5647290b8feaadba497438a44829,abi:callee-saved-registers;algorithm:run-grouping;algorithm:run-length-encoding;data:count-value-output;data:digit-byte-array;lang:assembly;risk:bounds;risk:capacity;risk:final-run;risk:stack-balance;type:assembly-algorithm,run-length-encoding;run-grouping,,,,digit-byte-array;count-value-output,callee-saved-registers,capacity;final-run;bounds;stack-balance,RLE run length encoding final run output length,PAT-AAPCS-STACK-SAFETY-001;PAT-ALG-RUN-LENGTH-001;PAT-FLOW-EARLY-BREAK-001;PAT-MEM-BYTE-ARRAY-001,COMPILE_ONLY,COMPILE_ONLY,PHYSICAL_BOARD_NOT_TESTED
E2026-02-03-A2-Q2,E2026-02-03-A2,Q2,C + ASM call,c-board-integration,"Read the potentiometer with ADC, show its high eight bits on LEDs, and invoke the encoder from KEY1 with the required debounce behavior.",Exams/Exam 03.02.2026/20260203_ARM_2.pdf,ecc909cda345d5f4bbd6c6978f0417a8921c5647290b8feaadba497438a44829,abi:c-calls-assembly;algorithm:adc-display;algorithm:run-length-encoding;data:adc-12-bit;data:byte-array;event:adc-complete;event:key1;integration:c-calls-assembly;lang:assembly;lang:c;peripheral:adc;peripheral:buttons;peripheral:led;peripheral:potentiometer;risk:adc-channel;risk:bounds;risk:debounce;risk:irq-shared-state;type:c-board-integration,adc-display;run-length-encoding,adc;potentiometer;led;buttons,key1;adc-complete,,adc-12-bit;byte-array,c-calls-assembly,debounce;irq-shared-state;adc-channel;bounds,potentiometer ADC channel 5 high eight bits KEY1 RLE,PAT-ADC-SAMPLE-001;PAT-GPIO-EVENT-001;PAT-MEM-BYTE-ARRAY-001;PAT-STATE-DEBOUNCE-001;PAT-STATE-IRQ-HANDOFF-001,COMPILE_ONLY,COMPILE_ONLY,PHYSICAL_BOARD_NOT_TESTED
E2026-02-03-A3-Q1,E2026-02-03-A3,Q1,ASM,assembly-algorithm,"Fill a word array with the Recaman sequence, selecting subtraction only when positive and not already present, otherwise addition.",Exams/Exam 03.02.2026/20260203_ARM_3.pdf,3b7d7638803bf8e8c0329eca34265667b4df7ad4c19a500b45b0e1566074d46b,abi:callee-saved-registers;abi:non-leaf;algorithm:duplicate-search;algorithm:indirect-recurrence;algorithm:recaman;data:word-array;lang:assembly;risk:bounds;risk:duplicate-detection;risk:positive-subtraction;risk:stack-balance;type:assembly-algorithm,recaman;indirect-recurrence;duplicate-search,,,,word-array,non-leaf;callee-saved-registers,duplicate-detection;positive-subtraction;bounds;stack-balance,Recaman subtract if positive unused otherwise add,PAT-AAPCS-NONLEAF-001;PAT-AAPCS-STACK-SAFETY-001;PAT-ALG-INDIRECT-RECURRENCE-001;PAT-ALG-LINEAR-SEARCH-001;PAT-ALG-RECURRENCE-001;PAT-FLOW-NESTED-LOOP-001;PAT-MEM-WORD-ARRAY-001,COMPILE_ONLY,COMPILE_ONLY,PHYSICAL_BOARD_NOT_TESTED
E2026-02-03-A3-Q2,E2026-02-03-A3,Q2,C + ASM call,c-board-integration,"Read/display ADC data, use KEY2 to generate the sequence, and use a two-second timer to display sequence values on LEDs.",Exams/Exam 03.02.2026/20260203_ARM_3.pdf,3b7d7638803bf8e8c0329eca34265667b4df7ad4c19a500b45b0e1566074d46b,abi:c-calls-assembly;algorithm:adc-display;algorithm:sequence-display;data:adc-12-bit;data:word-array;event:adc-complete;event:key2;event:timer-interrupt;integration:c-calls-assembly;lang:assembly;lang:c;peripheral:adc;peripheral:buttons;peripheral:led;peripheral:potentiometer;peripheral:timer;risk:adc-channel;risk:bounds;risk:debounce;risk:irq-shared-state;risk:timer-ownership;timing:periodic-2-seconds;type:c-board-integration,adc-display;sequence-display,adc;potentiometer;led;timer;buttons,key2;timer-interrupt;adc-complete,periodic-2-seconds,adc-12-bit;word-array,c-calls-assembly,debounce;irq-shared-state;adc-channel;timer-ownership;bounds,ADC potentiometer KEY2 Recaman two second timer LEDs,PAT-ADC-SAMPLE-001;PAT-GPIO-EVENT-001;PAT-MEM-WORD-ARRAY-001;PAT-STATE-DEBOUNCE-001;PAT-STATE-EVENT-LOOP-001;PAT-STATE-IRQ-HANDOFF-001;PAT-TIMER-OWNERSHIP-001;PAT-TIMER-PERIODIC-001,COMPILE_ONLY,COMPILE_ONLY,PHYSICAL_BOARD_NOT_TESTED
E2026-02-18-A1-Q1,E2026-02-18-A1,Q1,ASM,assembly-algorithm,Generate the iterative Hofstadter Q sequence in a word array and return or track the required maximum while handling early indices safely.,Exams/Exam 18.02.2026/20260218_ARM_1.pdf,0ef4f9295c4d1d486e29a037ebdd0f159208e131d2fa26ce3723b223b0887fa2,abi:callee-saved-registers;abi:two-arguments;algorithm:hofstadter-q;algorithm:indirect-recurrence;algorithm:maximum-reduction;data:word-array-1000;lang:assembly;risk:bounds;risk:indirect-index;risk:one-based-vs-zero-based;risk:stack-balance;type:assembly-algorithm,hofstadter-q;indirect-recurrence;maximum-reduction,,,,word-array-1000,two-arguments;callee-saved-registers,one-based-vs-zero-based;indirect-index;bounds;stack-balance,Hofstadter Q iterative previous indexed terms maximum,PAT-AAPCS-STACK-SAFETY-001;PAT-ALG-INDIRECT-RECURRENCE-001;PAT-ALG-RECURRENCE-001;PAT-ALG-REDUCTION-001;PAT-MEM-WORD-ARRAY-001,COMPILE_ONLY,COMPILE_ONLY,PHYSICAL_BOARD_NOT_TESTED
E2026-02-18-A1-Q2,E2026-02-18-A1,Q2,C + ASM call,c-board-integration,"Coordinate three timers for A/B/C states, stream SinTable[45] through the DAC, use a 50 ms scheduler tick, compute frequency/duration values, and track whether each timer is running.",Exams/Exam 18.02.2026/20260218_ARM_1.pdf,0ef4f9295c4d1d486e29a037ebdd0f159208e131d2fa26ce3723b223b0887fa2,abi:c-calls-assembly;algorithm:duration-scaling;algorithm:frequency-scaling;algorithm:sample-streaming;data:sine-table-45;data:uint16-samples;data:word-array-1000;event:three-timer-interrupts;integration:c-calls-assembly;lang:assembly;lang:c;peripheral:dac;peripheral:speaker;peripheral:timer-a;peripheral:timer-b;peripheral:timer-c;risk:irq-shared-state;risk:overflow-order;risk:running-state;risk:sample-wrap;risk:three-timer-ownership;timing:one-shot-duration;timing:periodic-sample-rate;timing:scheduler-50-ms;type:c-board-integration,frequency-scaling;duration-scaling;sample-streaming,dac;speaker;timer-a;timer-b;timer-c,three-timer-interrupts,scheduler-50-ms;periodic-sample-rate;one-shot-duration,word-array-1000;sine-table-45;uint16-samples,c-calls-assembly,overflow-order;irq-shared-state;three-timer-ownership;sample-wrap;running-state,three timers Hofstadter music SinTable DAC speaker threshold frequency duration,PAT-ALG-SATURATING-ARITHMETIC-001;PAT-DAC-STREAM-001;PAT-MEM-WORD-ARRAY-001;PAT-STATE-EVENT-LOOP-001;PAT-STATE-IRQ-HANDOFF-001;PAT-TIMER-OWNERSHIP-001;PAT-TIMER-PERIODIC-001;PAT-TIMER-VECTOR-OWNERSHIP-001,COMPILE_ONLY,COMPILE_ONLY,PHYSICAL_BOARD_NOT_TESTED
E2026-02-18-A2-Q1,E2026-02-18-A2,Q1,ASM,assembly-algorithm,"Generate the Hofstadter-Conway variant iteratively in a word array with correct seeds, recurrence-derived indexes and requested aggregate/result.",Exams/Exam 18.02.2026/20260218_ARM_2.pdf,4dfecf2ee5556c9aa2b55184743e35fad063e50c0960233a80f5404312d458ea,abi:callee-saved-registers;abi:two-arguments;algorithm:hofstadter-conway;algorithm:indirect-recurrence;algorithm:maximum-reduction;data:first-1000-used;data:word-array-10000-declared;lang:assembly;risk:bounds;risk:indirect-index;risk:large-static-array;risk:one-based-vs-zero-based;risk:stack-balance;type:assembly-algorithm,hofstadter-conway;indirect-recurrence;maximum-reduction,,,,word-array-10000-declared;first-1000-used,two-arguments;callee-saved-registers,one-based-vs-zero-based;indirect-index;large-static-array;bounds;stack-balance,Hofstadter Conway 10000 iterative indirect indexes maximum large array,PAT-AAPCS-STACK-SAFETY-001;PAT-ALG-INDIRECT-RECURRENCE-001;PAT-ALG-RECURRENCE-001;PAT-ALG-REDUCTION-001;PAT-MEM-WORD-ARRAY-001,COMPILE_ONLY,COMPILE_ONLY,PHYSICAL_BOARD_NOT_TESTED
E2026-02-18-A2-Q2,E2026-02-18-A2,Q2,C + ASM call,c-board-integration,"Implement the three-timer, DAC and 50 ms scheduling variant, including frequency/duration calculations and explicit running/stopped states.",Exams/Exam 18.02.2026/20260218_ARM_2.pdf,4dfecf2ee5556c9aa2b55184743e35fad063e50c0960233a80f5404312d458ea,abi:c-calls-assembly;algorithm:duration-scaling;algorithm:frequency-scaling;algorithm:sample-streaming;data:sine-table-45;data:uint16-samples;data:word-array-1000;event:three-timer-interrupts;integration:c-calls-assembly;lang:assembly;lang:c;peripheral:dac;peripheral:speaker;peripheral:timer-a;peripheral:timer-b;peripheral:timer-c;risk:irq-shared-state;risk:overflow-order;risk:running-state;risk:sample-wrap;risk:three-timer-ownership;timing:one-shot-duration;timing:periodic-sample-rate;timing:scheduler-50-ms;type:c-board-integration,frequency-scaling;duration-scaling;sample-streaming,dac;speaker;timer-a;timer-b;timer-c,three-timer-interrupts,scheduler-50-ms;periodic-sample-rate;one-shot-duration,word-array-1000;sine-table-45;uint16-samples,c-calls-assembly,overflow-order;irq-shared-state;three-timer-ownership;sample-wrap;running-state,three timers Hofstadter Conway music SinTable DAC speaker threshold,PAT-ALG-SATURATING-ARITHMETIC-001;PAT-DAC-STREAM-001;PAT-MEM-WORD-ARRAY-001;PAT-STATE-EVENT-LOOP-001;PAT-STATE-IRQ-HANDOFF-001;PAT-TIMER-OWNERSHIP-001;PAT-TIMER-PERIODIC-001;PAT-TIMER-VECTOR-OWNERSHIP-001,COMPILE_ONLY,COMPILE_ONLY,PHYSICAL_BOARD_NOT_TESTED
E2026-06-25-B1-Q1,E2026-06-25-B1,Q1,ASM,assembly-algorithm,"Implement BullsAndCows over four word arrays, count exact matches and frequency-based partial matches, and return the encoded result.",Exams/Exam 25.06.2206/20260625_ARM_1.pdf,a3f7eaca07f96a281382237948255abc1fadcfd2a3502d2e4d604921128fa2a8,abi:callee-saved-registers;abi:four-register-arguments;algorithm:bulls-and-cows;algorithm:duplicate-safe-matching;algorithm:frequency-count;algorithm:min-reduction;data:four-digits;data:four-word-arrays;lang:assembly;risk:duplicates;risk:operator-precedence;risk:stack-balance;risk:zero-initialization;type:assembly-algorithm,bulls-and-cows;frequency-count;duplicate-safe-matching;min-reduction,,,,four-word-arrays;four-digits,four-register-arguments;callee-saved-registers,duplicates;zero-initialization;operator-precedence;stack-balance,BullsAndCows frequency arrays bulls cows duplicate digits encoded result,PAT-AAPCS-FOUR-ARGS-001;PAT-AAPCS-STACK-SAFETY-001;PAT-ALG-CONSUME-ONCE-MATCH-001;PAT-ALG-FREQUENCY-COUNT-001;PAT-ALG-REDUCTION-001;PAT-MEM-WORD-ARRAY-001,COMPILE_ONLY,COMPILE_ONLY,PHYSICAL_BOARD_NOT_TESTED
E2026-06-25-B1-Q2,E2026-06-25-B1,Q2,C + ASM call,c-board-integration,"Build a debounced joystick-driven Bulls and Cows game, seed a four-digit secret from a free-running timer, show the guess and encoded result on LEDs, and retain the secret across guesses.",Exams/Exam 25.06.2206/20260625_ARM_1.pdf,a3f7eaca07f96a281382237948255abc1fadcfd2a3502d2e4d604921128fa2a8,abi:c-calls-assembly;algorithm:bitfield-display;algorithm:game-state-machine;algorithm:timer-derived-secret;data:four-two-bit-fields;data:four-word-arrays;event:joystick-directions;event:joystick-select;integration:c-calls-assembly;lang:assembly;lang:c;peripheral:joystick;peripheral:led;peripheral:timer;risk:debounce;risk:irq-shared-state;risk:secret-lifetime;risk:state-transition;risk:timer-ownership;timing:free-running-seed;type:c-board-integration,game-state-machine;timer-derived-secret;bitfield-display,led;timer;joystick,joystick-select;joystick-directions,free-running-seed,four-word-arrays;four-two-bit-fields,c-calls-assembly,debounce;secret-lifetime;state-transition;irq-shared-state;timer-ownership,Bulls and Cows joystick select guess secret timer hexadecimal digits LEDs,PAT-ALG-BITFIELD-001;PAT-ALG-CONSUME-ONCE-MATCH-001;PAT-GPIO-EVENT-001;PAT-GPIO-JOYSTICK-001;PAT-MEM-WORD-ARRAY-001;PAT-STATE-DEBOUNCE-001;PAT-STATE-EVENT-LOOP-001;PAT-STATE-IRQ-HANDOFF-001;PAT-TIMER-FREE-RUNNING-001;PAT-TIMER-OWNERSHIP-001,COMPILE_ONLY,COMPILE_ONLY,PHYSICAL_BOARD_NOT_TESTED
E2026-06-25-B2-Q1,E2026-06-25-B2,Q1,ASM,assembly-algorithm,"Implement Mastermind over four word arrays, mark exact matches, find unmatched partial matches with a nested search and break, and return the encoded result.",Exams/Exam 25.06.2206/20260625_ARM_2.pdf,b643106147d4a20efe44ea7d6d39f1ec8dfc44d76d1625114779893efacb7124,abi:callee-saved-registers;abi:four-register-arguments;algorithm:consume-once-matching;algorithm:early-break;algorithm:mastermind;algorithm:nested-search;data:four-word-arrays;data:used-marker-arrays;lang:assembly;risk:duplicates;risk:operator-precedence;risk:stack-balance;risk:zero-initialization;type:assembly-algorithm,mastermind;consume-once-matching;nested-search;early-break,,,,four-word-arrays;used-marker-arrays,four-register-arguments;callee-saved-registers,duplicates;zero-initialization;operator-precedence;stack-balance,Mastermind exact partial usedGuess usedSecret duplicate break encoded,PAT-AAPCS-FOUR-ARGS-001;PAT-AAPCS-STACK-SAFETY-001;PAT-ALG-CONSUME-ONCE-MATCH-001;PAT-ALG-FREQUENCY-COUNT-001;PAT-FLOW-EARLY-BREAK-001;PAT-FLOW-NESTED-LOOP-001;PAT-MEM-WORD-ARRAY-001,COMPILE_ONLY,COMPILE_ONLY,PHYSICAL_BOARD_NOT_TESTED
E2026-06-25-B2-Q2,E2026-06-25-B2,Q2,C + ASM call,c-board-integration,"Build the corresponding debounced joystick-driven Mastermind game with timer-derived secret, per-digit LED fields, repeated guesses and encoded result display.",Exams/Exam 25.06.2206/20260625_ARM_2.pdf,b643106147d4a20efe44ea7d6d39f1ec8dfc44d76d1625114779893efacb7124,abi:c-calls-assembly;algorithm:bitfield-display;algorithm:game-state-machine;algorithm:timer-derived-secret;data:four-two-bit-fields;data:four-word-arrays;event:joystick-directions;event:joystick-select;integration:c-calls-assembly;lang:assembly;lang:c;peripheral:joystick;peripheral:led;peripheral:timer;risk:debounce;risk:irq-shared-state;risk:secret-lifetime;risk:state-transition;risk:timer-ownership;timing:free-running-seed;type:c-board-integration,game-state-machine;timer-derived-secret;bitfield-display,led;timer;joystick,joystick-select;joystick-directions,free-running-seed,four-word-arrays;four-two-bit-fields,c-calls-assembly,debounce;secret-lifetime;state-transition;irq-shared-state;timer-ownership,Mastermind joystick select guess secret timer hexadecimal digits LEDs,PAT-ALG-BITFIELD-001;PAT-ALG-CONSUME-ONCE-MATCH-001;PAT-GPIO-EVENT-001;PAT-GPIO-JOYSTICK-001;PAT-MEM-WORD-ARRAY-001;PAT-STATE-DEBOUNCE-001;PAT-STATE-EVENT-LOOP-001;PAT-STATE-IRQ-HANDOFF-001;PAT-TIMER-FREE-RUNNING-001;PAT-TIMER-OWNERSHIP-001,COMPILE_ONLY,COMPILE_ONLY,PHYSICAL_BOARD_NOT_TESTED
