"question_id","date","question","requirement_summary","keywords","answer_file","function_or_handler","argument_mapping","architecture","constants","peripheral_tags","interrupt_tags","timing_tags","architecture_tags","algorithm_tags","usage_tags"
"2023-02-07-Q1","2023-02-07","Q1","Copy signed bytes into byte storage, then sort ascending with insertion sort.","copy signed-byte insertion-sort array ABI","03_COPY_PASTE_LIBRARY/CANONICAL_WORKSTATION/exam-solutions/2023-02-07-q1/assembly.s","copyData; insertionSort","R0 source, R1 destination, R2 length; then R0 array, R1 length","assembly algorithm","signed byte storage","","","","ABI","Arrays|Sorting","Complete recipe"
"2023-02-07-Q2","2023-02-07","Q2","Capture characters with INT0 using Timer1 and alternate LEDs 6/7; KEY1 sorts and lights LED11.","Timer1 free-running INT0 KEY1 debounce LED sort","03_COPY_PASTE_LIBRARY/CANONICAL_WORKSTATION/exam-solutions/2023-02-07-q2/main.c","main; EINT0_IRQHandler; EINT1_IRQHandler","Timer1 TC supplies captured value; event bits transfer debounced presses","C peripherals + IRQ","Timer1 modulo 0x100","LED|Buttons|Debounce|Timer1","EINT|Timer IRQ|Acknowledgement|Event Flags","Free-running|Capture","","Sorting","Complete recipe|Professor interface|Exam API"
"2023-02-24-Q1","2023-02-24","Q1","Iterate the four-digit Kaprekar routine until 6174 and return the iteration count.","Kaprekar digit frequency sort 6174 loop","03_COPY_PASTE_LIBRARY/CANONICAL_WORKSTATION/exam-solutions/2023-02-24-q1/assembly.s","KaprekarRoutine","R0 four-digit value; R0 iteration count","assembly algorithm","target 6174","","","","","Sorting|Decimal","Complete recipe"
"2023-02-24-Q2","2023-02-24","Q2","Handle SVC number 50, read the stacked argument, run Kaprekar, and return the count through the exception frame.","SVC exception stack frame MSP PSP immediate handler","03_COPY_PASTE_LIBRARY/CANONICAL_WORKSTATION/exam-solutions/2023-02-24-q2/assembly.s","SVC_Handler","stacked R0 input; stacked R0 output; SVC immediate 50","exception handler","SVC #50","","","Delays","SVC|Exceptions","Decimal","Complete recipe|Direct registers"
"2023-05-17-Q1","2023-05-17","Q1","Divide a signed 64-bit dividend by a signed 32-bit divisor without MUL and return a signed 32-bit quotient.","signed division 64 32 long-division two-word no-mul ABI","03_COPY_PASTE_LIBRARY/CANONICAL_WORKSTATION/exam-solutions/2023-05-17-q1/assembly.s","SDIV64","R0 upper dividend, R1 lower dividend, R2 divisor; R0 quotient","assembly arithmetic","32 quotient iterations","","","","ABI","Arithmetic","Complete recipe"
"2023-05-17-Q2","2023-05-17","Q2","Extend signed 64/32 division with the requested N, Z, C and V result flags.","APSR NZCV signed division overflow flags","03_COPY_PASTE_LIBRARY/CANONICAL_WORKSTATION/exam-solutions/2023-05-17-q2/assembly.s","SDIV64S","same arguments as SDIV64; R0 quotient and APSR flags","assembly arithmetic + flags","NZCV","","","","","Arithmetic","Complete recipe"
"2023-07-04-Q1","2023-07-04","Q1","Generate and validate a sociable-number chain, stopping within eight elements.","sociable aliquot proper-divisor sum cycle array","03_COPY_PASTE_LIBRARY/CANONICAL_WORKSTATION/exam-solutions/2023-07-04-q1/assembly.s","isSociable","R0 start, R1 output area; R0 chain length or zero","assembly algorithm","maximum 8 elements","","","","","Arrays|Recurrence","Complete recipe"
"2023-07-04-Q2","2023-07-04","Q2","Every two seconds test the next source value and display the result as a one-hot LED value.","Timer1 periodic 2s LED one-hot sociable","03_COPY_PASTE_LIBRARY/CANONICAL_WORKSTATION/exam-solutions/2023-07-04-q2/main.c","main; answer_timer1","Timer1 IRQ advances the source array","C timer + IRQ","2000 ms","LED|Timer1","Timer IRQ|Acknowledgement","Periodic|Delays","","Arrays|Recurrence","Complete recipe|Professor interface|Exam API"
"2023-09-18-Q1","2023-09-18","Q1","Build the digit-addition series in memory and return the accumulated digit sum, returning zero on overflow.","digit sum series overflow carry memory","03_COPY_PASTE_LIBRARY/CANONICAL_WORKSTATION/exam-solutions/2023-09-18-q1/assembly.s","digitSum; digitaddition","R0 area, R1 count; R0 total or zero","assembly algorithm","unsigned carry detection","","","","","Arrays|Arithmetic|Decimal","Complete recipe"
"2023-09-18-Q2","2023-09-18","Q2","Debounced buttons compose binary K; INT0 builds the series and checks the stated identity on LEDs 4/5.","buttons debounce INT0 KEY1 KEY2 binary K identity LED","03_COPY_PASTE_LIBRARY/CANONICAL_WORKSTATION/exam-solutions/2023-09-18-q2/main.c","main; EINT0_IRQHandler; EINT1_IRQHandler; EINT2_IRQHandler","button event bits update K and trigger assembly","C state machine + IRQ","K up to 50","LED|Buttons|Debounce","EINT|Acknowledgement|Event Flags","","C-to-assembly","","Complete recipe|Professor interface|Exam API"
"2024-02-12-Q1","2024-02-12","Q1","Propagate maze direction letters from the exit until no additional cells can be labelled.","maze flood-fill propagation N E S W fixed-point","03_COPY_PASTE_LIBRARY/CANONICAL_WORKSTATION/exam-solutions/2024-02-12-q1/assembly.s","mazeSolver","R0 rows, R1 columns, R2 flat maze address","assembly maze algorithm","walls # and exit E","","","","","Maze","Complete recipe"
"2024-02-12-Q2","2024-02-12","Q2","Seed an LCG from Timer0, generate the maze on KEY2, then call the assembly solver.","LCG Timer0 KEY2 debounce random maze","03_COPY_PASTE_LIBRARY/CANONICAL_WORKSTATION/exam-solutions/2024-02-12-q2/main.c","main; next_random; EINT2_IRQHandler","Timer0 TC seeds LCG; KEY2 event starts generation","C peripherals + algorithm","modulus 101; threshold 18","Buttons|Debounce|Timer0","EINT|Timer IRQ|Acknowledgement","","C-to-assembly","Recurrence|Maze","Complete recipe|Professor interface|Exam API"
"2024-02-28-Q1","2024-02-28","Q1","Compute shortest-path distances from the exit through an encoded maze.","maze shortest path distance propagation breadth fixed-point","03_COPY_PASTE_LIBRARY/CANONICAL_WORKSTATION/exam-solutions/2024-02-28-q1/assembly.s","shortestPath","R0 rows, R1 columns, R2 maze address; R0 start distance","assembly maze algorithm","0 wall, 1 start, 2 exit","","","","","Searching|Maze","Complete recipe"
"2024-02-28-Q2","2024-02-28","Q2","Use Timer0 to display each path direction for 0.5 s followed by 0.5 s off.","Timer0 500ms LED route directions state machine","03_COPY_PASTE_LIBRARY/CANONICAL_WORKSTATION/exam-solutions/2024-02-28-q2/main.c","main; answer_timer0","Timer0 IRQ alternates direction and blank phases","C timer state machine","500 ms phases","LED|Timer0","Timer IRQ|Acknowledgement","Delays","","","Complete recipe|Professor interface|Exam API"
"2024-07-09-Q1","2024-07-09","Q1","Choose a valid neighbor, including a SysTick-based randomized selection helper.","choose neighbor random SysTick modulo DFS","03_COPY_PASTE_LIBRARY/CANONICAL_WORKSTATION/exam-solutions/2024-07-09-q1/assembly.s","chooseNeighbor; chooseRandomNeighbor","R0-R3 neighbor states; R0 direction 0..4","assembly helper","directions 1..4","SysTick","","","ABI","Sorting|Maze","Complete recipe"
"2024-07-09-Q2","2024-07-09","Q2","Run randomized depth-first maze traversal with stack backtracking and a strong Reset_Handler that starts SysTick.","DFS maze stack backtrack Reset_Handler SysTick LOAD","03_COPY_PASTE_LIBRARY/CANONICAL_WORKSTATION/exam-solutions/2024-07-09-q2/main.c; 03_COPY_PASTE_LIBRARY/CANONICAL_WORKSTATION/exam-solutions/2024-07-09-q2/assembly.s","depthFirstSearch; Reset_Handler","R0 maze, R1 rows, R2 columns, R3 start","assembly traversal + startup","SysTick LOAD 0xFFFFFF","SysTick","","","Reset","Arrays|Searching|Maze","Complete recipe|Direct registers"
"2024-09-16-Q1","2024-09-16","Q1","Apply Kruskal-style wall removal using seven ABI arguments and merge component labels.","Kruskal maze seven arguments stack ABI merge components","03_COPY_PASTE_LIBRARY/CANONICAL_WORKSTATION/exam-solutions/2024-09-16-q1/assembly.s","kruskal","R0-R3 first four args; remaining three on caller stack","assembly graph algorithm + ABI","horizontal/vertical wall arrays","","","","ABI|Stack arguments","Arrays|Graph|Maze","Complete recipe"
"2024-09-16-Q2","2024-09-16","Q2","Use two debounced button choices to select increment and offset values 2, 3 or 4 before calling Kruskal.","two button sequence debounce parameters LED Kruskal","03_COPY_PASTE_LIBRARY/CANONICAL_WORKSTATION/exam-solutions/2024-09-16-q2/main.c","main; EINT1_IRQHandler; EINT2_IRQHandler","first two events select parameters; later event runs algorithm","C state machine + IRQ","choices 2,3,4","LED|Buttons|Debounce","EINT|Acknowledgement|Event Flags","","C-to-assembly","Recurrence|Graph","Complete recipe|Professor interface|Exam API"
"2025-01-29_ARM1-Q1","2025-01-29","Q1","Apply the specified 8-bit affine transformation using a bit matrix and XOR vector.","affine transformation GF2 bit matrix XOR","03_COPY_PASTE_LIBRARY/CANONICAL_WORKSTATION/exam-solutions/2025-01-29-arm1-q1/assembly.s","bitwiseAffineTransformation","R0 input byte; R1 matrix; R2 vector; R0 transformed byte","assembly bit algorithm","8x8 GF(2)","","","","","Bits|Matrix","Complete recipe"
"2025-01-29_ARM1-Q2","2025-01-29","Q2","Capture two bytes from Timer1 with INT0, transform their XOR on KEY1, and blink the result with Timer0.","Timer1 INT0 KEY1 XOR affine Timer0 blink LED","03_COPY_PASTE_LIBRARY/CANONICAL_WORKSTATION/exam-solutions/2025-01-29-arm1-q2/main.c","main; answer_timer0","debounced events capture and transform; Timer0 toggles display","C peripherals + IRQ","500 ms blink","LED|Buttons|Debounce|Timer0|Timer1","EINT|Timer IRQ|Acknowledgement|Event Flags","Capture|Delays|Multi-timer","","Bits","Complete recipe|Professor interface|Exam API"
"2025-01-29_ARM2-Q1","2025-01-29","Q1","Multiply two 8x8 bit matrices over GF(2).","bit matrix multiplication GF2 parity rows columns","03_COPY_PASTE_LIBRARY/CANONICAL_WORKSTATION/exam-solutions/2025-01-29-arm2-q1/assembly.s","bitMatrixMultiplication","R0 A, R1 B, R2 C","assembly bit algorithm","8x8 matrices","","","","","Arithmetic|Bits|Matrix","Complete recipe"
"2025-01-29_ARM2-Q2","2025-01-29","Q2","Capture matrix rows with Timer1 and buttons, compute C, and display its rows periodically.","Timer1 buttons matrix rows Timer0 LED","03_COPY_PASTE_LIBRARY/CANONICAL_WORKSTATION/exam-solutions/2025-01-29-arm2-q2/main.c","main; answer_timer0","events fill A/B; Timer0 cycles C rows","C peripherals + IRQ","8 rows","LED|Buttons|Timer0|Timer1","Timer IRQ|Acknowledgement|Event Flags","Periodic|Capture|Multi-timer","","Matrix","Complete recipe|Professor interface|Exam API"
"2025-01-29_ARM3-Q1","2025-01-29","Q1","Transpose an 8x8 bit matrix stored as eight bytes.","bit matrix transpose 8x8 masks","03_COPY_PASTE_LIBRARY/CANONICAL_WORKSTATION/exam-solutions/2025-01-29-arm3-q1/assembly.s","transposition","R0 input address, R1 output address","assembly bit algorithm","8 bytes","","","","","Bits|Matrix","Complete recipe"
"2025-01-29_ARM3-Q2","2025-01-29","Q2","Capture A and B with Timer2 and verify transpose distributes over XOR.","Timer2 buttons transpose XOR identity LED","03_COPY_PASTE_LIBRARY/CANONICAL_WORKSTATION/exam-solutions/2025-01-29-arm3-q2/main.c","main","events fill matrices then compare both sides of identity","C peripherals + verification","(A xor B)^T","LED|Buttons|Timer2","Event Flags","Capture","","Bits|Matrix","Complete recipe|Professor interface|Exam API"
"2025-02-12_ARM1-Q1","2025-02-12","Q1","Approximate sine with the requested Maclaurin terms and fixed-point scaling.","Maclaurin sine fixed point factorial powers","03_COPY_PASTE_LIBRARY/CANONICAL_WORKSTATION/exam-solutions/2025-02-12-arm1-q1/assembly.s","Maclaurin","R0 angle/fixed input; R0 approximation","assembly arithmetic","sine series","","","","","Arithmetic","Complete recipe"
"2025-02-12_ARM1-Q2","2025-02-12","Q2","Generate a 45-sample sine waveform through the DAC at the required Timer0 threshold.","DAC speaker sine table Timer0 45 wrap","03_COPY_PASTE_LIBRARY/CANONICAL_WORKSTATION/exam-solutions/2025-02-12-arm1-q2/main.c","main; answer_timer0","Timer0 IRQ writes one DAC sample and wraps index","C DAC + timer IRQ","45 samples; k=1263","Timer0|DAC|Speaker","Timer IRQ|Acknowledgement","","","","Complete recipe|Professor interface|Exam API"
"2025-02-12_ARM2-Q1","2025-02-12","Q1","Approximate cosine with the requested Maclaurin terms and fixed-point scaling.","Maclaurin cosine fixed point factorial powers","03_COPY_PASTE_LIBRARY/CANONICAL_WORKSTATION/exam-solutions/2025-02-12-arm2-q1/assembly.s","Maclaurin","R0 angle/fixed input; R0 approximation","assembly arithmetic","cosine series","","","","","Arithmetic","Complete recipe"
"2025-02-12_ARM2-Q2","2025-02-12","Q2","Generate a 45-sample cosine waveform through the DAC at the required Timer1 threshold.","DAC speaker cosine table Timer1 45 wrap","03_COPY_PASTE_LIBRARY/CANONICAL_WORKSTATION/exam-solutions/2025-02-12-arm2-q2/main.c","main; answer_timer1","Timer1 IRQ writes one DAC sample and wraps index","C DAC + timer IRQ","45 samples; k=1592","Timer1|DAC|Speaker","Timer IRQ|Acknowledgement","","","","Complete recipe|Professor interface|Exam API"
"2025-07-01_ARM1-Q1","2025-07-01","Q1","Compute the next LCG element from five arguments, including the fifth stack argument.","LCG five arguments AAPCS stack modulus","03_COPY_PASTE_LIBRARY/CANONICAL_WORKSTATION/exam-solutions/2025-07-01-arm1-q1/assembly.s","nextElementLCG","R0-R3 x,a,c,m; fifth argument on stack; R0 next","assembly arithmetic + ABI","five arguments","","","","ABI|Stack arguments","Arithmetic|Recurrence","Complete recipe"
"2025-07-01_ARM1-Q2","2025-07-01","Q2","Strong Reset_Handler generates the requested LCG sequence before entering C.","Reset_Handler LCG sequence startup assembly","03_COPY_PASTE_LIBRARY/CANONICAL_WORKSTATION/exam-solutions/2025-07-01-arm1-q2/assembly.s","Reset_Handler","initializes sequence storage and calls __main","startup assembly","256 elements","","","","Reset|Assembly-to-C","Recurrence","Complete recipe|Direct registers"
"2025-07-01_ARM1-Q3","2025-07-01","Q3","Run the Timer0/joystick rhythm interaction with explicit edge handling and LED feedback.","Timer0 3s joystick edges rhythm LED RIT","03_COPY_PASTE_LIBRARY/CANONICAL_WORKSTATION/exam-solutions/2025-07-01-arm1-q3/main.c","main; answer_joystick_sample; answer_timer0","RIT polls edges; Timer0 advances rounds","C state machine + IRQ","3000 ms","LED|Timer0|RIT|Joystick","Timer IRQ|Acknowledgement","Delays","","Games","Complete recipe|Professor interface|Exam API"
"2025-07-01_ARM2-Q1","2025-07-01","Q1","Fill an LCG sequence through an assembly routine using AAPCS arguments.","LCG sequence array modulus AAPCS","03_COPY_PASTE_LIBRARY/CANONICAL_WORKSTATION/exam-solutions/2025-07-01-arm2-q1/assembly.s","LCGsequence","R0 area, R1 length, R2 seed, R3 parameters per paper","assembly arithmetic","sequence fill","","","","ABI","Arrays|Arithmetic|Recurrence","Complete recipe"
"2025-07-01_ARM2-Q2","2025-07-01","Q2","Strong Reset_Handler prepares the LCG data required by the board exercise.","Reset_Handler LCG sequence startup","03_COPY_PASTE_LIBRARY/CANONICAL_WORKSTATION/exam-solutions/2025-07-01-arm2-q2/assembly.s","Reset_Handler","initializes storage then transfers to __main","startup assembly","256 elements","","","","Reset|Assembly-to-C","Recurrence","Complete recipe|Direct registers"
"2025-07-01_ARM2-Q3","2025-07-01","Q3","Run the Timer1/joystick first-movement rhythm interaction without hidden background ownership.","Timer1 2.5s joystick first movement edge RIT LED","03_COPY_PASTE_LIBRARY/CANONICAL_WORKSTATION/exam-solutions/2025-07-01-arm2-q3/main.c","main; answer_joystick_sample; answer_timer1","RIT detects first edge; Timer1 advances rounds","C state machine + IRQ","2500 ms","LED|Timer1|RIT|Joystick","Timer IRQ|Acknowledgement","Delays","","Games","Complete recipe|Professor interface|Exam API"
"2026-02-03_ARM1-Q1","2026-02-03","Q1","Produce the next look-and-say term from an unsigned decimal integer.","look-and-say decimal runs digit count","03_COPY_PASTE_LIBRARY/CANONICAL_WORKSTATION/exam-solutions/2026-02-03-arm1-q1/assembly.s","Look_and_Say","R0 digits; R0 next term","assembly decimal algorithm","count then digit","","","","","Decimal","Complete recipe"
"2026-02-03_ARM1-Q2","2026-02-03","Q2","Continuously display ADC high eight bits; INT0 freezes them, calls Look_and_Say, and displays the low result byte.","ADC potentiometer INT0 debounce LED high8","03_COPY_PASTE_LIBRARY/CANONICAL_WORKSTATION/exam-solutions/2026-02-03-arm1-q2/main.c","main; ADC_IRQHandler; EINT0_IRQHandler","ADC fresh flag feeds main; debounced INT0 triggers assembly","C ADC + IRQ","12-bit ADC; high8/low8","LED|Buttons|Debounce|ADC","EINT|ADC IRQ|Acknowledgement","","C-to-assembly","","Complete recipe|Professor interface|Exam API"
"2026-02-03_ARM2-Q1","2026-02-03","Q1","Run-length encode decimal digit runs as digit followed by count.","run length encoding decimal runs compression","03_COPY_PASTE_LIBRARY/CANONICAL_WORKSTATION/exam-solutions/2026-02-03-arm2-q1/assembly.s","run_length_encoding","R0 digits; R0 encoded value","assembly decimal algorithm","digit then count","","","","","Decimal","Complete recipe"
"2026-02-03_ARM2-Q2","2026-02-03","Q2","Continuously display ADC high eight bits; KEY1 runs RLE and displays the low result byte.","ADC potentiometer KEY1 debounce LED high8 RLE","03_COPY_PASTE_LIBRARY/CANONICAL_WORKSTATION/exam-solutions/2026-02-03-arm2-q2/main.c","main; ADC_IRQHandler; EINT1_IRQHandler","ADC fresh flag feeds main; debounced KEY1 triggers assembly","C ADC + IRQ","12-bit ADC; high8/low8","LED|Buttons|Debounce|ADC","EINT|ADC IRQ|Acknowledgement","","C-to-assembly","","Complete recipe|Professor interface|Exam API"
"2026-02-03_ARM3-Q1","2026-02-03","Q1","Fill up to 255 words with the Recaman sequence.","Recaman sequence uniqueness array positive subtraction","03_COPY_PASTE_LIBRARY/CANONICAL_WORKSTATION/exam-solutions/2026-02-03-arm3-q1/assembly.s","Recaman","R0 area, R1 uint8 length","assembly sequence algorithm","maximum 255","","","","","Arrays|Recurrence","Complete recipe"
"2026-02-03_ARM3-Q2","2026-02-03","Q2","Use ADC high eight bits as Recaman length on KEY2, then show elements every two seconds.","ADC KEY2 debounce Timer0 2s Recaman LED","03_COPY_PASTE_LIBRARY/CANONICAL_WORKSTATION/exam-solutions/2026-02-03-arm3-q2/main.c","main; answer_timer0","ADC supplies length; KEY2 builds; Timer0 displays","C ADC + timer IRQ","2000 ms; 255 words","LED|Buttons|Debounce|Timer0|ADC","EINT|Timer IRQ|ADC IRQ|Acknowledgement","Periodic|Delays","","Recurrence","Complete recipe|Professor interface|Exam API"
"2026-02-18_ARM1-Q1","2026-02-18","Q1","Fill 1000 Hofstadter Q terms iteratively and return the maximum.","Hofstadter Q sequence iterative maximum array","03_COPY_PASTE_LIBRARY/CANONICAL_WORKSTATION/exam-solutions/2026-02-18-arm1-q1/assembly.s","HofstadterQ","R0 area, R1 dimension; R0 maximum","assembly sequence algorithm","1000 terms in board part","","","","","Arrays|Recurrence","Complete recipe"
"2026-02-18_ARM1-Q2","2026-02-18","Q2","Map Hofstadter Q values to note pitch and duration with three timers and stream SinTable to the DAC.","three timers audio DAC SinTable pitch duration one-shot","03_COPY_PASTE_LIBRARY/CANONICAL_WORKSTATION/exam-solutions/2026-02-18-arm1-q2/main.c","answer_timer0; answer_timer1; answer_timer2","Timer0=A 50ms, Timer1=B pitch, Timer2=C duration","C timers + DAC IRQ","Pmax/Pmin 5351/1062 and 40000000/625000; k 1/5","Timer0|Timer1|Timer2|DAC|Speaker","Timer IRQ|Acknowledgement","One-shot|Delays|Multi-timer","","Recurrence","Complete recipe|Professor interface|Exam API"
"2026-02-18_ARM2-Q1","2026-02-18","Q1","Fill 1000 Hofstadter-Conway terms iteratively and return the maximum.","Hofstadter Conway sequence iterative maximum array","03_COPY_PASTE_LIBRARY/CANONICAL_WORKSTATION/exam-solutions/2026-02-18-arm2-q1/assembly.s","HofstadterConway","R0 area, R1 dimension; R0 maximum","assembly sequence algorithm","1000 terms in board part","","","","","Arrays|Recurrence","Complete recipe"
"2026-02-18_ARM2-Q2","2026-02-18","Q2","Map Hofstadter-Conway values to note pitch and duration with three timers and the DAC.","three timers audio DAC SinTable pitch duration one-shot","03_COPY_PASTE_LIBRARY/CANONICAL_WORKSTATION/exam-solutions/2026-02-18-arm2-q2/main.c","answer_timer0; answer_timer1; answer_timer2","Timer0=A 50ms, Timer1=B pitch, Timer2=C duration","C timers + DAC IRQ","same two threshold formulas","Timer0|Timer1|Timer2|DAC|Speaker","Timer IRQ|Acknowledgement","One-shot|Delays|Multi-timer","","Recurrence","Complete recipe|Professor interface|Exam API"
"2026-06-25_ARM1-Q1","2026-06-25","Q1","Compute bulls and cows using per-digit frequency arrays and pack the score.","Bulls and Cows frequency exact partial packed score","03_COPY_PASTE_LIBRARY/CANONICAL_WORKSTATION/exam-solutions/2026-06-25-arm1-q1/assembly.s","BullsAndCows","R0 guess, R1 secret, R2 guessFrequency, R3 secretFrequency","assembly game algorithm","(2*bulls-1)<<4 plus (2*cows-1)","","","","","Arrays|Decimal|Games","Complete recipe"
"2026-06-25_ARM1-Q2","2026-06-25","Q2","Implement the full joystick Bulls-and-Cows game, preserving one timer-derived secret across guesses.","joystick game Timer0 secret debounce edges LED","03_COPY_PASTE_LIBRARY/CANONICAL_WORKSTATION/exam-solutions/2026-06-25-arm1-q2/main.c","main; answer_joystick_sample","Timer0 TC creates secret; RIT polls joystick edges","C game state machine","four digits 0..3","LED|Debounce|Timer0|RIT|Joystick","","","","Decimal|Games","Complete recipe|Professor interface|Exam API"
"2026-06-25_ARM2-Q1","2026-06-25","Q1","Compute exact and partial Mastermind matches with used-position arrays and pack the score.","Mastermind exact partial used arrays packed score","03_COPY_PASTE_LIBRARY/CANONICAL_WORKSTATION/exam-solutions/2026-06-25-arm2-q1/assembly.s","Mastermind","R0 guess, R1 secret, R2 usedGuess, R3 usedSecret","assembly game algorithm","(2*exact-1)<<4 plus (2*partial-1)","","","","","Arrays|Games","Complete recipe"
"2026-06-25_ARM2-Q2","2026-06-25","Q2","Implement the full joystick Mastermind game with the paper-specific direction mapping.","joystick Mastermind Timer0 secret RIT edges LED","03_COPY_PASTE_LIBRARY/CANONICAL_WORKSTATION/exam-solutions/2026-06-25-arm2-q2/main.c","main; answer_joystick_sample","Timer0 TC creates secret; RIT polls joystick edges","C game state machine","four digits 0..3","LED|Timer0|RIT|Joystick","","","","Decimal|Games","Complete recipe|Professor interface|Exam API"
